CustomerID,Age,Annual_Income,Spending_Score
1,56,96312,6
2,46,118371,83
3,32,95324,48
4,60,91196,7
5,25,90014,80
6,38,28210,69
7,56,30922,16
8,36,56289,1
9,40,53340,37
10,28,59850,83
11,28,76984,37
12,41,104178,81
13,53,31094,64
14,57,107959,90
15,41,53418,86
16,20,25741,62
17,39,92374,72
18,19,88798,61
19,41,90532,33
20,61,42164,66
21,47,55595,30
22,55,50257,20
23,19,34211,60
24,38,115989,82
25,50,25232,74
26,29,87753,24
27,39,72691,4
28,61,109765,37
29,42,99768,4
30,44,45613,77
31,59,34026,89
32,45,73535,77
33,33,114090,18
34,32,50908,88
35,64,72113,66
36,61,39610,48
37,20,66646,33
38,54,83185,58
39,24,92567,83
40,38,67574,73
41,26,111051,28
42,56,56182,35
43,35,20570,10
44,21,117790,65
45,42,39288,42
46,31,98824,85
47,26,49877,9
48,43,104425,60
49,19,20917,15
50,37,95602,99
51,45,115040,57
52,64,84575,69
53,24,92518,22
54,61,59104,64
55,25,38062,41
56,64,36999,87
57,52,81845,71
58,31,29941,56
59,34,81169,23
60,53,43470,25
61,57,79821,91
62,21,106669,6
63,19,64435,34
64,23,24529,63
65,59,103055,9
66,21,32192,60
67,46,94102,49
68,35,92762,97
69,43,106795,51
70,61,54087,60
71,51,86677,70
72,27,24627,37
73,53,76541,31
74,31,88226,98
75,48,23255,41
76,32,77433,62
77,25,25213,93
78,31,39404,58
79,40,45380,14
80,57,111056,36
81,38,39173,36
82,33,73027,79
83,62,43989,8
84,35,44519,26
85,64,42439,36
86,41,96949,48
87,43,34995,85
88,42,43559,28
89,62,109049,68
90,58,25021,62
91,46,118000,80
92,32,41119,86
93,62,71539,76
94,18,114835,80
95,42,59350,51
96,24,66223,42
97,26,45517,29
98,41,98653,82
99,18,42250,10
100,61,104486,39
101,25,102895,82
102,41,109132,1
103,28,111066,39
104,34,86798,21
105,25,74199,65
106,52,79546,15
107,52,108151,4
108,50,23327,60
109,22,49768,61
110,59,84418,20
111,56,114386,10
112,58,62788,87
113,45,102384,34
114,24,66830,48
115,26,72446,33
116,25,35160,98
117,29,76583,61
118,51,53998,10
119,50,47230,54
120,40,29076,84
121,41,89341,65
122,54,51085,77
123,52,75571,1
124,61,34715,5
125,57,25750,80
126,39,98768,15
127,44,55903,28
128,52,92489,95
129,18,52093,23
130,52,111036,17
131,54,107954,98
132,64,54314,13
133,31,68225,14
134,20,107985,11
135,18,103014,28
136,22,55179,42
137,43,45338,96
138,31,112435,99
139,56,89681,61
140,44,52101,64
141,26,22775,31
142,32,117183,81
143,32,65619,73
144,43,65838,10
145,59,39539,8
146,30,77124,21
147,49,85149,77
148,56,46616,59
149,49,99655,50
150,21,110695,69
151,47,74567,70
152,54,57099,30
153,40,95831,95
154,56,81799,17
155,62,110221,75
156,32,45479,20
157,60,66172,48
158,46,119165,73
159,53,75863,2
160,30,62043,37
161,49,102569,1
162,24,35408,4
163,39,77980,100
164,45,102956,54
165,19,36351,25
166,59,24131,3
167,62,64825,9
168,23,31349,86
169,45,80931,87
170,45,64254,76
171,61,58225,74
172,61,32453,34
173,37,38814,43
174,47,38263,74
175,28,97694,94
176,45,35735,22
177,42,35830,70
178,56,67893,2
179,50,64673,94
180,18,109462,66
181,44,65066,32
182,30,23373,16
183,58,30335,76
184,20,43741,1
185,56,30692,72
186,23,67295,48
187,25,65541,50
188,44,54057,13
189,26,86983,15
190,54,39583,53
191,50,42765,44
192,59,79287,8
193,61,43906,74
194,41,105103,46
195,32,99675,69
196,49,66525,19
197,49,58230,38
198,41,39520,11
199,58,105238,43
200,29,71934,20
201,56,45566,20
202,19,93193,21
203,20,50134,82
204,54,30345,57
205,34,61185,50
206,19,112949,74
207,19,90744,98
208,45,53455,26
209,40,48018,30
210,54,74219,73
211,49,65991,31
212,50,93616,42
213,18,107438,68
214,36,29486,61
215,19,58862,61
216,61,78870,70
217,43,106694,78
218,49,63856,68
219,23,106055,90
220,49,51379,17
221,21,84729,19
222,28,48378,51
223,34,74353,70
224,55,69996,63
225,41,34031,93
226,22,100072,75
227,51,85982,80
228,23,56683,30
229,39,37618,25
230,28,26587,75
231,33,82790,71
232,50,51480,26
233,26,118530,56
234,23,40527,22
235,33,43569,89
236,46,31151,19
237,20,91094,31
238,37,79174,26
239,53,64739,42
240,36,52954,41
241,43,55303,100
242,20,54700,23
243,36,113036,47
244,37,87568,13
245,49,86788,89
246,24,91045,66
247,58,57842,66
248,50,33900,16
249,57,100059,73
250,56,21881,28
251,35,53037,77
252,57,21630,35
253,18,40789,41
254,28,108059,77
255,45,103494,31
256,42,66151,85
257,40,68920,32
258,48,87231,54
259,47,100357,98
260,59,23262,72
261,52,86981,59
262,24,101972,41
263,33,95485,66
264,43,74722,96
265,19,109499,54
266,18,70818,40
267,29,49932,28
268,22,26901,37
269,54,119023,65
270,49,28597,74
271,26,83909,55
272,58,92391,4
273,52,104214,99
274,36,28263,10
275,33,83293,47
276,20,45805,75
277,37,111679,14
278,41,31874,38
279,50,113065,12
280,41,106402,45
281,28,34079,17
282,25,69850,80
283,53,92779,35
284,55,115408,66
285,57,29018,75
286,37,69500,41
287,52,32100,67
288,42,77021,29
289,52,39800,18
290,42,83400,20
291,46,112446,14
292,35,49437,34
293,63,96537,49
294,35,66675,54
295,19,39942,31
296,52,40862,58
297,33,31669,42
298,58,73772,58
299,53,35916,82
300,50,30878,30
301,21,22985,25
302,50,117905,63
303,31,93648,19
304,38,61235,72
305,37,38931,92
306,25,112876,8
307,24,20336,95
308,20,62933,3
309,34,104899,67
310,50,65536,86
311,29,89504,81
312,39,119214,100
313,39,71148,17
314,63,36279,14
315,47,88665,9
316,55,91386,62
317,55,106124,94
318,62,97485,21
319,25,94055,76
320,44,111911,37
321,44,118618,96
322,51,97273,11
323,38,86670,20
324,47,96474,35
325,50,74028,53
326,45,110022,47
327,64,111632,75
328,50,91128,52
329,22,38108,8
330,36,72495,4
331,21,102806,27
332,52,113185,44
333,34,96533,40
334,61,119025,47
335,45,76830,94
336,47,94640,44
337,46,72509,48
338,63,86406,91
339,23,114220,85
340,52,59519,52
341,58,69649,84
342,54,54524,68
343,41,116493,11
344,46,53885,77
345,63,64369,73
346,48,115402,4
347,52,50676,76
348,50,84093,73
349,38,67764,77
350,49,70799,48
351,40,99414,26
352,50,113095,77
353,20,92307,39
354,35,102062,92
355,42,115432,58
356,59,51923,19
357,48,98388,88
358,20,67574,83
359,57,63391,77
360,63,73664,77
361,41,87384,58
362,49,51027,28
363,64,55464,66
364,39,54485,10
365,40,39456,86
366,19,94795,77
367,44,55554,58
368,59,66922,73
369,19,33409,97
370,43,89327,14
371,34,111400,84
372,57,56639,15
373,50,83627,96
374,26,103424,33
375,60,39692,17
376,56,109037,24
377,46,98840,30
378,59,74200,62
379,43,113063,13
380,52,77415,62
381,42,38074,47
382,41,35549,16
383,30,49963,66
384,24,111456,81
385,53,116362,96
386,62,72265,43
387,37,36061,8
388,18,78226,3
389,25,48810,12
390,63,80006,84
391,33,42800,16
392,31,95476,78
393,29,89460,80
394,40,77767,59
395,32,48054,49
396,45,95319,63
397,51,65397,62
398,19,33233,49
399,49,110020,51
400,40,45068,33
401,39,85727,30
402,42,110610,59
403,39,90453,76
404,39,45832,15
405,59,106242,82
406,23,33682,92
407,32,112298,23
408,60,43383,78
409,54,78160,94
410,50,113332,97
411,25,43666,45
412,61,78817,62
413,61,111198,79
414,22,54642,71
415,56,61830,15
416,21,30234,46
417,23,77616,64
418,62,29221,46
419,49,31410,56
420,47,100055,44
421,64,81413,75
422,52,21051,29
423,57,95301,95
424,33,96918,62
425,30,98116,89
426,59,76563,52
427,47,117859,54
428,36,64757,88
429,34,97475,57
430,36,71257,83
431,45,115500,66
432,43,20307,22
433,54,76889,20
434,43,88895,33
435,40,115184,72
436,26,55944,25
437,29,119555,46
438,18,58134,73
439,18,47323,98
440,64,91762,57
441,51,107225,87
442,49,116507,5
443,42,45954,55
444,57,75021,61
445,62,109959,89
446,18,115927,8
447,33,99866,16
448,56,90427,48
449,22,24992,61
450,39,21961,15
451,46,32497,65
452,20,52551,22
453,29,96384,3
454,43,75755,54
455,33,33255,14
456,54,24567,36
457,39,68847,82
458,46,68003,82
459,31,40389,67
460,45,64523,10
461,22,81576,49
462,64,63919,65
463,47,102103,91
464,63,23358,57
465,22,108535,27
466,29,96524,75
467,33,117057,5
468,43,25698,71
469,43,86809,83
470,38,113079,57
471,56,75805,93
472,53,51349,15
473,50,96777,99
474,47,70248,76
475,54,95033,30
476,40,118239,20
477,27,64041,37
478,22,51954,3
479,53,28002,73
480,51,89783,41
481,48,107234,39
482,27,39738,26
483,36,30703,2
484,49,69422,23
485,18,103106,23
486,22,81899,85
487,62,32392,16
488,21,64724,9
489,33,52299,13
490,41,35641,28
491,33,99534,27
492,19,26305,51
493,45,118262,64
494,49,38782,52
495,44,98257,81
496,37,97963,38
497,41,40566,100
498,29,87766,65
499,52,26511,18
500,50,46177,63
501,50,24765,51
502,60,40354,9
503,54,43929,13
504,29,48820,40
505,20,49523,55
506,18,91088,79
507,50,86163,43
508,57,97525,44
509,27,33780,68
510,60,26589,33
511,61,54812,24
512,46,113664,36
513,30,65939,10
514,29,71493,100
515,48,113326,20
516,63,60953,75
517,19,85785,12
518,52,39309,62
519,40,74195,18
520,34,45901,94
521,43,43576,63
522,25,51508,84
523,46,94711,25
524,43,45464,12
525,27,80281,21
526,43,36260,25
527,51,55440,11
528,58,115082,64
529,24,76683,73
530,21,61430,50
531,62,21987,62
532,28,45105,89
533,46,98484,99
534,53,33026,96
535,42,88309,49
536,38,65927,14
537,53,95414,1
538,27,77535,81
539,54,62946,25
540,26,76561,59
541,41,30377,72
542,52,73592,69
543,52,27347,5
544,53,53776,99
545,35,23783,19
546,56,75798,23
547,49,24298,9
548,41,90204,94
549,40,106207,50
550,49,75161,16
551,54,80652,33
552,29,54484,2
553,30,118614,14
554,40,40922,1
555,42,54028,90
556,52,40316,58
557,58,96996,89
558,47,36968,16
559,34,50266,79
560,37,115745,90
561,42,44000,47
562,39,34011,44
563,30,22866,80
564,36,25898,14
565,53,38395,93
566,29,59019,24
567,58,24006,55
568,36,54393,15
569,29,30956,83
570,26,70042,72
571,24,116199,34
572,45,26078,2
573,31,49631,27
574,48,115676,74
575,36,82901,99
576,64,89497,87
577,33,114813,72
578,22,61574,92
579,52,51417,23
580,29,108020,68
581,42,103639,14
582,38,85006,63
583,53,114881,93
584,40,59454,65
585,33,21587,68
586,56,74710,63
587,62,106567,96
588,59,111748,97
589,56,95886,90
590,31,38816,81
591,48,105824,87
592,22,49432,64
593,52,68617,32
594,40,92373,79
595,46,54217,13
596,60,40884,66
597,28,25454,19
598,35,94960,24
599,64,63618,88
600,29,103948,11
601,26,82671,59
602,27,67111,86
603,61,59613,15
604,34,105678,10
605,55,79993,41
606,24,28848,27
607,63,98672,60
608,30,86125,73
609,57,106444,52
610,59,81602,28
611,26,92045,65
612,44,62222,17
613,19,69223,95
614,22,85333,44
615,46,72732,10
616,54,69420,63
617,55,95504,93
618,36,22462,82
619,25,29460,47
620,62,119319,38
621,18,29275,70
622,39,114213,76
623,34,33269,53
624,24,85942,78
625,42,92920,44
626,62,42553,74
627,21,44366,54
628,53,64036,20
629,23,37369,79
630,48,31795,31
631,36,90021,7
632,61,88154,58
633,56,50143,10
634,44,49425,10
635,27,108209,39
636,43,95139,28
637,36,25368,30
638,56,24621,37
639,20,78829,67
640,62,80294,43
641,30,34719,79
642,45,49227,85
643,37,27566,52
644,45,32306,56
645,25,73822,76
646,58,44042,68
647,56,35086,9
648,18,37387,92
649,20,47042,23
650,30,109424,63
651,45,71618,61
652,42,112050,40
653,50,38323,44
654,55,38019,86
655,23,95426,24
656,61,60863,51
657,62,30283,58
658,49,38279,90
659,62,66999,94
660,64,82780,33
661,38,42908,16
662,33,81584,22
663,38,70225,57
664,28,57952,62
665,54,57663,82
666,53,81381,71
667,52,67929,90
668,36,29343,72
669,37,96173,70
670,35,59791,30
671,64,49134,23
672,58,67101,32
673,31,89443,86
674,32,119111,57
675,48,77530,9
676,18,66799,31
677,20,24827,71
678,33,116143,9
679,40,82653,13
680,28,33699,58
681,29,111419,3
682,27,25313,35
683,49,33598,97
684,33,48807,21
685,25,90423,64
686,55,89390,95
687,29,65226,52
688,41,79550,34
689,45,100072,96
690,25,23558,35
691,45,95308,15
692,53,70113,96
693,43,72999,6
694,25,75878,85
695,45,56343,97
696,45,78219,32
697,54,55186,52
698,58,56966,83
699,53,53769,97
700,44,73218,28
701,34,39229,95
702,26,95209,85
703,50,47877,98
704,37,78001,64
705,30,117137,79
706,45,58084,78
707,46,101780,19
708,30,112892,15
709,63,36806,6
710,52,108635,73
711,23,57034,84
712,35,60317,98
713,22,75468,38
714,64,39094,26
715,42,77796,82
716,19,30589,92
717,27,77221,51
718,47,21657,73
719,62,118300,96
720,22,59531,53
721,50,72227,56
722,18,23164,59
723,35,113078,70
724,49,103973,78
725,64,61247,92
726,28,39601,58
727,38,113966,88
728,43,70599,13
729,42,91545,43
730,39,24552,76
731,44,29417,51
732,30,78579,19
733,50,88207,21
734,51,92055,91
735,58,98270,83
736,52,23722,24
737,18,90442,26
738,38,115632,45
739,23,60031,28
740,45,99235,82
741,34,41438,100
742,22,78819,29
743,48,63856,17
744,22,53576,68
745,55,61938,44
746,20,69028,61
747,40,79807,93
748,54,69877,68
749,54,117783,74
750,27,63461,25
751,27,113474,95
752,36,60469,67
753,34,103136,2
754,38,40435,89
755,31,104117,49
756,26,34191,70
757,63,104726,26
758,18,47386,72
759,62,51721,99
760,30,74786,27
761,21,33704,89
762,18,76635,18
763,57,22123,54
764,49,110710,1
765,51,82993,61
766,45,100122,3
767,48,117512,68
768,25,45416,41
769,56,21814,37
770,43,98537,51
771,51,70258,15
772,20,36508,8
773,29,105166,38
774,18,98916,83
775,61,55699,56
776,22,66335,47
777,47,66806,90
778,47,97853,10
779,34,83768,78
780,64,55739,49
781,40,54785,41
782,32,51980,83
783,54,109335,30
784,38,114702,5
785,31,105016,95
786,19,21609,71
787,28,86253,83
788,56,105481,31
789,55,111128,52
790,51,48141,88
791,55,50009,98
792,51,26782,23
793,35,112072,48
794,47,119352,40
795,32,45933,6
796,44,97154,38
797,51,28307,41
798,55,112207,100
799,50,95874,27
800,41,58346,75
801,32,70772,69
802,47,92084,57
803,59,60149,17
804,34,106700,71
805,22,47526,91
806,46,116758,47
807,21,105712,79
808,27,88477,13
809,34,25695,11
810,27,59169,90
811,34,67947,86
812,37,67224,92
813,41,65865,24
814,22,45553,93
815,51,80410,73
816,23,110895,4
817,19,44816,46
818,30,75026,18
819,60,70705,43
820,60,81922,80
821,28,93914,33
822,64,21881,93
823,40,59567,10
824,33,67365,73
825,48,99211,59
826,28,90122,31
827,33,45006,28
828,25,61198,60
829,21,42831,3
830,57,36459,55
831,21,52443,14
832,42,62316,58
833,20,116131,89
834,49,84486,15
835,20,25877,2
836,44,59553,24
837,46,24922,78
838,49,24686,64
839,36,52766,71
840,38,99943,100
841,22,52006,24
842,35,51422,27
843,45,32205,37
844,59,106590,94
845,39,43527,91
846,38,38443,39
847,23,36524,63
848,18,48202,79
849,22,85552,26
850,58,66142,65
851,29,81692,4
852,43,102384,29
853,63,40855,1
854,51,103747,50
855,31,80372,86
856,43,45095,11
857,62,58724,74
858,44,69241,59
859,26,72003,62
860,43,88379,81
861,64,114837,36
862,39,111996,56
863,64,117454,90
864,47,114283,21
865,60,35972,13
866,34,113846,9
867,43,42927,11
868,53,86630,75
869,18,72347,70
870,25,119708,1
871,52,108860,70
872,32,106210,77
873,64,89518,86
874,39,65283,56
875,31,101326,31
876,43,32205,86
877,45,109874,37
878,40,32748,47
879,31,41097,91
880,41,23092,78
881,19,73311,47
882,62,42692,69
883,43,43862,58
884,31,110396,36
885,24,99507,32
886,20,100152,98
887,64,90469,64
888,40,24926,71
889,63,111299,42
890,60,23969,48
891,64,55733,74
892,62,89855,81
893,35,61743,30
894,55,59876,21
895,52,40323,60
896,32,36428,13
897,42,54578,1
898,54,106486,65
899,45,84140,33
900,27,103829,38
901,56,26364,25
902,34,55349,26
903,56,20691,77
904,39,115598,59
905,43,86467,92
906,61,65896,33
907,42,77062,41
908,34,117266,30
909,30,99762,57
910,37,33861,49
911,42,116837,48
912,21,108302,72
913,27,83928,49
914,20,103231,47
915,58,61347,56
916,62,23121,65
917,35,103793,12
918,64,48164,69
919,53,45491,88
920,64,79222,6
921,39,43165,89
922,51,23748,65
923,64,118581,25
924,25,46553,1
925,57,80380,32
926,61,64331,3
927,36,116033,49
928,59,116844,19
929,58,59560,60
930,54,73865,29
931,23,66686,50
932,43,95910,2
933,51,24675,73
934,62,86706,56
935,23,97986,17
936,54,96216,60
937,50,30068,36
938,39,74460,61
939,38,66418,17
940,23,46206,49
941,23,20287,76
942,21,42337,60
943,47,40666,20
944,28,21161,50
945,47,110071,3
946,48,118064,43
947,41,58751,57
948,26,102063,50
949,20,109389,68
950,48,34758,81
951,57,85780,50
952,54,23178,37
953,53,51831,46
954,41,22176,42
955,48,53654,15
956,23,46627,33
957,19,72550,80
958,37,64910,11
959,45,110417,20
960,28,78251,24
961,21,55422,64
962,32,31984,80
963,23,109312,94
964,47,81386,98
965,55,103291,65
966,19,27135,88
967,32,20320,88
968,28,114171,73
969,25,41684,86
970,43,75913,76
971,62,108774,17
972,61,41889,89
973,22,115849,92
974,23,118071,61
975,43,68899,15
976,21,30770,94
977,36,59321,51
978,37,105962,27
979,50,61777,86
980,37,66250,74
981,29,93034,61
982,64,60130,58
983,18,101931,31
984,43,69346,91
985,31,22537,12
986,55,104762,46
987,54,35216,31
988,28,104149,32
989,53,23009,32
990,30,109904,99
991,60,49327,53
992,20,34209,61
993,50,68443,46
994,23,35029,85
995,27,87613,74
996,22,99443,80
997,40,76997,7
998,27,82559,4
999,61,84892,91
1000,19,90409,52
1001,30,28635,89
1002,57,53065,31
1003,19,53783,75
1004,37,54152,84
1005,18,78741,36
1006,54,71502,54
1007,26,49092,54
1008,34,37653,17
1009,26,117999,75
1010,28,119564,30
1011,32,60469,99
1012,41,106483,22
1013,55,79754,43
1014,52,49978,27
1015,47,107592,37
1016,48,114543,46
1017,22,63169,35
1018,61,68287,4
1019,31,74745,80
1020,28,25543,80
1021,26,76392,85
1022,51,41067,26
1023,29,71033,100
1024,52,65256,19
1025,52,110633,81
1026,18,89345,45
1027,57,42191,26
1028,39,106803,22
1029,46,92742,58
1030,25,106593,63
1031,28,48992,28
1032,58,101531,65
1033,54,68803,44
1034,31,83477,100
1035,47,33210,43
1036,52,103329,37
1037,38,46270,66
1038,54,82008,17
1039,22,25197,40
1040,36,27452,38
1041,31,61486,85
1042,43,34859,61
1043,21,47236,9
1044,42,51899,77
1045,62,52083,75
1046,59,87708,61
1047,42,36663,80
1048,35,113076,16
1049,57,39053,2
1050,25,31085,72
1051,56,50564,43
1052,57,109745,42
1053,31,79095,77
1054,49,89517,57
1055,55,41153,81
1056,50,25247,88
1057,40,30553,67
1058,32,40811,30
1059,50,115381,13
1060,42,26135,19
1061,34,25573,7
1062,50,99267,9
1063,64,27189,83
1064,19,100077,54
1065,31,63646,86
1066,57,96623,82
1067,57,73687,61
1068,56,88312,87
1069,23,47564,2
1070,23,48835,50
1071,20,81587,75
1072,24,27697,31
1073,25,100165,33
1074,59,93922,78
1075,32,37046,80
1076,64,77823,11
1077,46,93580,33
1078,50,73370,7
1079,47,29615,31
1080,56,25060,48
1081,44,96436,47
1082,53,80519,78
1083,46,91117,92
1084,55,81158,53
1085,50,54782,80
1086,54,105709,19
1087,44,98533,81
1088,50,78255,90
1089,21,92684,6
1090,39,76918,49
1091,19,104284,73
1092,27,99558,50
1093,22,105549,81
1094,27,101422,95
1095,50,45256,12
1096,55,50005,23
1097,30,26638,54
1098,48,57419,69
1099,64,53377,100
1100,53,63116,59
1101,62,56634,36
1102,41,102291,3
1103,32,43382,58
1104,46,76063,88
1105,25,42394,55
1106,22,87789,57
1107,46,20864,17
1108,64,119572,39
1109,21,60222,90
1110,29,33666,68
1111,62,40955,55
1112,19,101845,45
1113,44,89590,76
1114,48,86471,1
1115,53,108314,21
1116,53,63298,83
1117,43,83108,21
1118,60,68924,52
1119,44,36709,82
1120,22,29726,43
1121,37,80824,52
1122,28,60542,67
1123,27,40245,44
1124,57,54753,32
1125,55,99788,10
1126,23,41316,64
1127,25,104698,79
1128,40,35960,69
1129,64,50791,68
1130,43,45216,28
1131,63,52467,53
1132,60,84427,51
1133,29,82047,53
1134,43,93290,4
1135,30,67014,79
1136,57,24078,17
1137,35,98389,67
1138,42,70519,74
1139,50,24042,47
1140,64,69052,56
1141,57,34389,23
1142,60,115961,18
1143,29,88111,1
1144,61,113715,35
1145,53,70733,64
1146,21,54754,58
1147,22,38624,95
1148,54,105886,59
1149,25,46681,1
1150,59,109524,3
1151,45,101006,67
1152,48,44704,37
1153,26,114913,83
1154,46,114108,29
1155,31,27493,89
1156,57,89639,33
1157,58,74383,100
1158,39,22994,61
1159,28,89280,93
1160,40,67234,90
1161,18,67291,4
1162,63,112868,14
1163,54,25594,91
1164,38,27371,33
1165,43,67315,22
1166,63,103564,48
1167,53,99526,3
1168,40,36626,87
1169,18,106005,85
1170,57,27130,23
1171,32,26828,68
1172,38,77514,21
1173,64,72664,43
1174,26,37883,95
1175,26,63059,85
1176,27,104078,26
1177,43,62932,41
1178,58,81269,99
1179,52,95986,38
1180,42,105959,88
1181,43,22035,11
1182,28,60745,29
1183,55,37241,60
1184,19,72975,67
1185,24,43154,65
1186,35,45625,61
1187,44,64950,19
1188,51,118602,46
1189,44,76396,49
1190,34,119227,22
1191,60,33331,78
1192,61,83927,57
1193,41,106226,14
1194,42,104719,44
1195,24,83014,16
1196,23,59346,97
1197,41,90411,77
1198,50,74478,12
1199,46,32254,55
1200,60,75734,51
1201,39,48621,39
1202,43,96441,33
1203,45,66121,33
1204,38,101418,29
1205,24,80197,69
1206,34,104577,70
1207,37,114634,31
1208,58,62431,80
1209,37,119245,31
1210,39,24837,89
1211,45,110025,46
1212,57,103163,97
1213,24,91232,77
1214,18,68994,52
1215,49,99079,10
1216,30,32615,88
1217,47,21466,74
1218,40,50771,41
1219,36,103886,95
1220,49,85911,77
1221,47,118566,3
1222,46,40746,59
1223,62,108422,52
1224,46,80739,34
1225,47,118187,49
1226,33,93369,28
1227,57,21893,83
1228,36,50573,87
1229,35,116907,96
1230,18,60874,13
1231,31,97362,97
1232,64,119956,98
1233,19,107460,97
1234,45,53367,69
1235,47,41199,67
1236,55,111404,61
1237,21,94328,60
1238,18,77724,71
1239,25,106133,24
1240,46,56405,63
1241,56,118232,86
1242,20,35989,61
1243,49,48931,23
1244,27,29290,30
1245,27,58367,60
1246,36,99878,18
1247,63,110477,96
1248,51,99481,56
1249,50,96298,53
1250,40,50133,7
1251,45,47052,97
1252,49,105489,69
1253,24,60475,92
1254,46,102666,72
1255,25,116622,79
1256,18,77656,52
1257,20,24633,4
1258,41,37304,34
1259,40,117820,69
1260,25,66546,33
1261,64,27008,69
1262,54,68291,38
1263,20,47405,98
1264,50,56386,26
1265,45,110909,1
1266,64,40827,4
1267,25,53040,39
1268,51,80354,54
1269,52,98543,90
1270,49,38157,33
1271,41,117693,33
1272,31,55315,72
1273,49,55932,20
1274,63,41164,16
1275,60,34414,21
1276,33,34327,45
1277,21,20946,90
1278,54,34693,87
1279,38,47241,82
1280,31,115790,62
1281,48,35540,31
1282,35,92255,42
1283,24,84757,12
1284,27,61203,65
1285,24,45081,73
1286,50,81861,3
1287,40,31350,90
1288,38,75512,9
1289,36,76809,51
1290,36,117557,16
1291,53,62832,88
1292,46,48369,78
1293,35,51728,3
1294,19,37576,98
1295,18,49001,97
1296,64,103384,24
1297,22,20390,73
1298,37,107535,13
1299,28,65436,2
1300,59,31569,71
1301,19,33029,21
1302,20,42490,19
1303,40,65875,89
1304,29,25867,47
1305,37,100820,22
1306,22,119515,75
1307,54,29121,33
1308,55,21539,32
1309,47,111024,64
1310,26,37027,85
1311,51,94229,39
1312,61,28921,84
1313,52,70435,72
1314,39,30310,42
1315,61,83965,9
1316,41,116444,25
1317,34,89922,89
1318,27,117799,97
1319,47,113948,2
1320,63,102839,19
1321,40,32242,20
1322,49,28947,93
1323,34,91466,70
1324,34,81816,17
1325,31,68785,89
1326,26,20507,68
1327,57,86972,94
1328,19,47151,84
1329,62,31618,3
1330,42,94286,87
1331,56,36122,51
1332,26,27354,82
1333,39,50979,26
1334,60,106436,56
1335,63,99376,100
1336,21,72774,64
1337,43,25037,8
1338,46,48633,81
1339,62,44495,95
1340,51,84550,37
1341,40,101384,97
1342,54,56483,27
1343,28,93373,45
1344,23,54069,4
1345,35,27370,86
1346,38,91947,90
1347,59,59133,96
1348,53,116035,88
1349,58,115761,99
1350,55,20692,37
1351,51,48926,96
1352,34,119782,71
1353,54,93984,33
1354,42,63390,31
1355,55,69593,55
1356,29,95609,12
1357,40,25209,11
1358,59,26533,88
1359,39,106597,72
1360,38,27211,32
1361,44,29927,57
1362,48,97463,38
1363,23,44594,60
1364,44,94852,86
1365,57,97713,98
1366,51,96382,19
1367,29,27933,84
1368,62,60696,56
1369,24,85449,14
1370,27,87616,33
1371,62,26089,10
1372,34,76548,80
1373,43,46123,64
1374,38,27797,64
1375,45,70013,62
1376,63,28346,68
1377,19,105414,91
1378,60,53672,92
1379,18,37653,43
1380,53,69556,80
1381,43,46140,59
1382,46,21184,52
1383,38,54493,97
1384,28,64148,19
1385,57,44846,21
1386,28,42195,22
1387,53,25606,9
1388,56,23956,9
1389,57,36555,73
1390,52,110385,27
1391,51,38690,17
1392,64,78502,44
1393,41,68849,45
1394,39,46347,8
1395,22,118725,80
1396,50,111321,18
1397,53,69056,33
1398,64,83851,1
1399,37,118234,76
1400,36,101502,6
1401,52,116633,41
1402,60,101418,55
1403,34,90211,5
1404,62,61850,59
1405,60,98545,80
1406,51,47843,18
1407,26,82320,49
1408,43,49793,82
1409,19,59516,65
1410,26,37857,83
1411,26,39627,54
1412,57,81822,61
1413,34,104101,8
1414,18,111561,3
1415,42,72248,25
1416,60,75798,69
1417,57,113368,55
1418,59,64116,40
1419,42,95318,83
1420,56,107902,82
1421,52,48557,50
1422,20,91334,95
1423,54,95163,33
1424,61,98002,18
1425,61,62614,57
1426,47,32720,16
1427,55,77608,80
1428,51,92095,38
1429,29,104694,41
1430,36,116452,7
1431,54,107593,78
1432,61,55892,53
1433,34,97242,63
1434,27,97606,89
1435,64,20924,32
1436,29,71322,38
1437,33,46478,22
1438,41,91042,16
1439,36,66418,52
1440,25,82217,29
1441,48,110140,16
1442,38,100846,76
1443,34,93762,17
1444,40,31781,64
1445,54,25515,91
1446,33,56133,89
1447,23,102508,13
1448,25,117628,72
1449,42,96946,56
1450,35,105058,5
1451,42,29095,12
1452,29,108583,41
1453,32,40470,3
1454,43,63129,99
1455,58,28531,33
1456,62,57038,86
1457,43,107939,50
1458,64,62674,56
1459,49,114658,9
1460,27,102476,82
1461,33,49831,50
1462,24,77174,29
1463,34,31279,39
1464,40,58220,91
1465,43,80610,100
1466,38,72719,45
1467,39,73051,17
1468,24,92013,56
1469,31,76652,98
1470,32,85524,46
1471,24,102936,67
1472,26,26470,69
1473,25,87598,14
1474,40,61798,67
1475,46,73473,23
1476,35,39880,94
1477,48,64439,61
1478,47,34308,23
1479,56,111563,27
1480,52,116256,54
1481,35,55081,10
1482,59,95242,89
1483,56,70383,77
1484,34,29837,16
1485,31,72151,41
1486,48,56824,98
1487,41,53073,55
1488,52,117624,61
1489,61,113648,86
1490,62,46299,81
1491,51,119993,87
1492,20,78861,100
1493,54,50063,49
1494,60,89453,73
1495,57,88472,52
1496,43,34506,2
1497,40,114341,96
1498,61,99854,50
1499,56,46026,86
1500,32,47672,43
1501,21,58417,77
1502,46,72413,8
1503,39,85066,59
1504,42,79213,65
1505,30,70971,81
1506,35,47281,12
1507,50,48091,4
1508,33,70494,77
1509,62,38610,95
1510,59,21079,41
1511,61,115386,7
1512,19,66751,87
1513,52,106126,88
1514,59,75432,69
1515,51,50951,69
1516,47,100863,81
1517,30,98291,30
1518,30,79872,73
1519,35,27235,6
1520,49,102733,89
1521,49,82712,19
1522,52,41473,80
1523,56,87567,85
1524,63,99823,66
1525,46,52230,10
1526,46,104573,16
1527,61,112588,37
1528,33,88876,79
1529,61,60644,77
1530,64,68664,77
1531,27,65203,32
1532,47,86677,47
1533,42,45425,72
1534,56,104817,43
1535,37,105961,82
1536,22,117649,36
1537,18,89806,26
1538,47,62814,10
1539,20,90219,31
1540,62,69646,97
1541,31,59884,29
1542,47,115345,5
1543,21,89322,77
1544,35,41650,1
1545,54,114242,87
1546,42,29190,3
1547,18,58196,67
1548,63,59449,71
1549,32,59661,100
1550,26,49709,35
1551,32,100428,15
1552,41,95179,67
1553,21,29943,93
1554,29,63240,30
1555,54,65760,82
1556,54,41042,75
1557,60,63894,43
1558,23,26869,60
1559,56,81078,40
1560,63,76759,65
1561,41,64306,29
1562,28,75371,74
1563,30,40918,92
1564,51,48379,95
1565,42,110810,19
1566,24,103232,3
1567,21,22962,36
1568,25,33851,43
1569,37,65747,15
1570,46,72349,97
1571,62,90832,41
1572,63,76356,90
1573,27,34745,80
1574,60,25730,36
1575,51,33921,97
1576,43,118430,84
1577,58,91138,77
1578,20,103111,33
1579,23,39023,5
1580,22,65349,78
1581,22,101533,91
1582,64,103286,87
1583,40,61979,14
1584,26,42837,68
1585,52,34997,83
1586,37,108603,47
1587,59,65039,54
1588,52,40923,4
1589,35,28876,94
1590,34,80973,83
1591,41,22887,95
1592,20,83723,95
1593,49,62422,9
1594,52,71413,53
1595,55,22841,77
1596,30,48756,78
1597,64,91576,60
1598,42,30304,46
1599,26,50341,54
1600,21,24758,74
1601,31,37010,95
1602,54,80758,37
1603,51,51658,23
1604,28,69002,27
1605,58,21375,70
1606,20,119485,90
1607,45,42092,66
1608,46,20490,61
1609,26,23729,77
1610,20,25974,51
1611,42,105216,50
1612,51,103860,19
1613,29,116870,1
1614,59,41398,40
1615,26,54650,32
1616,32,41292,22
1617,57,23159,93
1618,42,118162,66
1619,22,82766,40
1620,28,114887,38
1621,51,37065,48
1622,41,41638,55
1623,32,21073,75
1624,55,66511,81
1625,25,104307,55
1626,22,49320,51
1627,43,89876,60
1628,35,54924,8
1629,23,101720,86
1630,54,60734,68
1631,30,88116,75
1632,45,60025,72
1633,22,114503,9
1634,30,22159,90
1635,34,68940,2
1636,57,99436,80
1637,62,96976,95
1638,49,34678,70
1639,46,81075,85
1640,20,67204,90
1641,57,32021,59
1642,51,26772,19
1643,57,87163,28
1644,44,93755,72
1645,30,43464,14
1646,62,71137,24
1647,50,50232,44
1648,23,81497,56
1649,41,94024,90
1650,36,71448,95
1651,33,104517,51
1652,57,20901,32
1653,45,107980,50
1654,50,103597,41
1655,58,22881,66
1656,30,49863,25
1657,60,25622,61
1658,62,21378,66
1659,42,103168,42
1660,59,113847,65
1661,53,91186,36
1662,44,65201,76
1663,55,79251,9
1664,24,92572,36
1665,22,59255,92
1666,60,83212,38
1667,62,70210,33
1668,48,42499,42
1669,40,71628,61
1670,59,81360,46
1671,27,24603,86
1672,49,113309,89
1673,60,105473,61
1674,47,32632,18
1675,56,50607,70
1676,48,111873,82
1677,35,85756,80
1678,53,66994,15
1679,19,83382,48
1680,31,90354,72
1681,30,76344,13
1682,46,73775,43
1683,29,27349,60
1684,56,91154,57
1685,19,47464,71
1686,49,62624,17
1687,30,57344,50
1688,63,103791,32
1689,44,44299,22
1690,58,67975,55
1691,34,21462,57
1692,57,101441,13
1693,48,110456,47
1694,51,101788,87
1695,41,60581,62
1696,62,91289,54
1697,52,34175,29
1698,23,26191,22
1699,36,103434,65
1700,47,104518,29
1701,24,100158,48
1702,27,86537,5
1703,58,67645,35
1704,49,43283,74
1705,51,106971,83
1706,45,112759,71
1707,32,79123,46
1708,47,50024,35
1709,54,69630,45
1710,46,50734,13
1711,39,20515,10
1712,21,86727,66
1713,37,117800,70
1714,49,66216,72
1715,53,91833,100
1716,21,78755,25
1717,44,47856,44
1718,34,93870,60
1719,29,44162,47
1720,39,26008,40
1721,34,27987,7
1722,27,82532,46
1723,18,116502,23
1724,39,23332,83
1725,43,86323,46
1726,35,58990,86
1727,31,29873,13
1728,64,102542,21
1729,46,105761,1
1730,29,56444,19
1731,53,55340,60
1732,52,25033,33
1733,29,93324,4
1734,24,35689,3
1735,46,107134,91
1736,28,115239,52
1737,50,20066,99
1738,23,65246,28
1739,64,27533,70
1740,32,100639,70
1741,49,90152,55
1742,28,79658,57
1743,40,58498,87
1744,43,31772,97
1745,51,109385,16
1746,63,69036,24
1747,51,78531,69
1748,46,32940,41
1749,21,36932,77
1750,34,115305,47
1751,52,76827,76
1752,30,81431,69
1753,58,44648,31
1754,56,52966,92
1755,32,47777,92
1756,46,52567,30
1757,46,37174,18
1758,28,62598,44
1759,49,79199,27
1760,19,33798,99
1761,64,85364,26
1762,31,37558,60
1763,37,81084,18
1764,39,64237,97
1765,28,85497,89
1766,44,20178,56
1767,20,106006,31
1768,34,37118,59
1769,61,42616,2
1770,45,20798,97
1771,46,27601,39
1772,38,45363,61
1773,64,22795,63
1774,33,117462,96
1775,54,65264,18
1776,37,92833,17
1777,23,23084,98
1778,36,115865,39
1779,22,96646,71
1780,20,20731,54
1781,18,21129,99
1782,55,48022,94
1783,32,21605,76
1784,51,97506,35
1785,52,64130,11
1786,42,49265,61
1787,41,52330,44
1788,29,88469,68
1789,35,35187,25
1790,32,45791,48
1791,61,110436,32
1792,33,90610,84
1793,44,111962,95
1794,25,59867,4
1795,63,20893,38
1796,42,119694,63
1797,34,39773,47
1798,46,24239,1
1799,25,40863,3
1800,32,71415,86
1801,44,88968,62
1802,63,80430,64
1803,24,21515,17
1804,20,117206,78
1805,46,34605,62
1806,61,76240,35
1807,41,25586,13
1808,20,51186,35
1809,37,46928,43
1810,63,118264,2
1811,32,103087,56
1812,42,107029,77
1813,47,40711,51
1814,31,74962,54
1815,24,40039,16
1816,34,56561,18
1817,61,95483,7
1818,37,117871,45
1819,53,101395,36
1820,26,108658,41
1821,55,21577,94
1822,39,48350,42
1823,19,53798,7
1824,41,117434,15
1825,25,101417,60
1826,28,30785,40
1827,30,92227,83
1828,34,81957,37
1829,25,85431,66
1830,38,37297,55
1831,35,91894,77
1832,47,83772,95
1833,35,39581,80
1834,63,75192,56
1835,64,21462,44
1836,48,84173,57
1837,55,35511,6
1838,49,96106,92
1839,28,68665,32
1840,62,64414,74
1841,42,101010,18
1842,50,92573,68
1843,55,113665,73
1844,58,33386,7
1845,25,74460,8
1846,28,26221,64
1847,39,43474,7
1848,41,41045,41
1849,58,111319,40
1850,34,24922,3
1851,29,42706,17
1852,63,62771,66
1853,49,72335,79
1854,32,118015,93
1855,33,72949,52
1856,39,90714,22
1857,45,115558,4
1858,37,35240,6
1859,50,111756,38
1860,27,22716,26
1861,57,36574,11
1862,49,103255,90
1863,50,93717,17
1864,19,64066,88
1865,50,81826,92
1866,50,40213,99
1867,58,91916,31
1868,30,86151,77
1869,47,70906,35
1870,50,20463,16
1871,30,51973,79
1872,43,94694,18
1873,39,40651,62
1874,56,88694,27
1875,19,40008,35
1876,55,90474,45
1877,56,58185,35
1878,43,107924,28
1879,63,94417,9
1880,32,91139,76
1881,51,54980,15
1882,59,42504,21
1883,61,74970,52
1884,57,36766,35
1885,28,113922,97
1886,20,31695,51
1887,23,37796,83
1888,26,62543,55
1889,23,34559,87
1890,26,53139,77
1891,56,28802,44
1892,48,93843,65
1893,49,60205,93
1894,58,118750,88
1895,29,54159,80
1896,25,31516,25
1897,25,70492,87
1898,45,49086,92
1899,37,50480,47
1900,64,72091,80
1901,24,67766,56
1902,28,58737,38
1903,37,29265,11
1904,33,90990,67
1905,21,111717,15
1906,23,35386,1
1907,39,57425,7
1908,43,63254,1
1909,20,109863,49
1910,58,73634,96
1911,59,106717,73
1912,31,67662,29
1913,28,106988,26
1914,35,119287,87
1915,29,107527,45
1916,40,95452,93
1917,29,30143,97
1918,30,111391,71
1919,42,35581,12
1920,62,87443,95
1921,36,49424,32
1922,63,108844,20
1923,53,61984,51
1924,62,61505,81
1925,25,82699,36
1926,46,46957,67
1927,49,45464,1
1928,61,43649,27
1929,35,62065,40
1930,23,112661,97
1931,35,54758,84
1932,36,25596,14
1933,39,36374,100
1934,54,23775,69
1935,49,47388,87
1936,58,41029,79
1937,20,103981,6
1938,45,73639,33
1939,27,34645,55
1940,52,51105,19
1941,46,33668,77
1942,32,35960,29
1943,50,31357,61
1944,24,84604,70
1945,29,71796,79
1946,47,35804,80
1947,38,34626,24
1948,48,48132,23
1949,41,27951,10
1950,37,26449,54
1951,54,39065,41
1952,21,29130,49
1953,45,109360,17
1954,61,82287,56
1955,37,71702,45
1956,41,56993,30
1957,49,51875,44
1958,58,26054,74
1959,53,119809,55
1960,51,68517,19
1961,53,96368,29
1962,19,49670,2
1963,32,69112,36
1964,51,108388,19
1965,53,109156,7
1966,23,48307,26
1967,56,87087,79
1968,59,67922,38
1969,29,83080,3
1970,20,113348,80
1971,62,99335,66
1972,35,46312,95
1973,57,86985,92
1974,38,77608,71
1975,32,109962,94
1976,50,60277,43
1977,52,51551,62
1978,43,109813,71
1979,25,76597,100
1980,53,65212,93
1981,47,29637,24
1982,40,63258,39
1983,59,55693,68
1984,61,29824,93
1985,31,46950,44
1986,31,43488,5
1987,19,20215,55
1988,54,31523,93
1989,22,95900,30
1990,55,88689,29
1991,62,43834,26
1992,58,54474,83
1993,64,63066,26
1994,31,119871,37
1995,56,30400,91
1996,42,30345,94
1997,37,53896,53
1998,19,105430,30
1999,56,48899,3
2000,23,48229,43
2001,34,25583,7
2002,42,24897,49
2003,45,91537,73
2004,19,24567,41
2005,52,94807,77
2006,54,97239,79
2007,22,33329,54
2008,18,91792,69
2009,57,20228,93
2010,29,110282,99
2011,53,102214,91
2012,62,57052,27
2013,40,77769,8
2014,64,66032,32
2015,48,108721,84
2016,28,53686,64
2017,27,96981,10
2018,20,118802,13
2019,31,83261,63
2020,33,22809,93
2021,27,61785,35
2022,46,56547,61
2023,27,62818,54
2024,29,91927,8
2025,47,85681,29
2026,58,99465,95
2027,18,109862,41
2028,22,115527,30
2029,37,57333,86
2030,25,36576,21
2031,60,59405,76
2032,29,114000,11
2033,18,93779,2
2034,37,51601,50
2035,45,87946,41
2036,60,87356,66
2037,54,72116,98
2038,64,82894,3
2039,54,54635,80
2040,29,27465,51
2041,54,76754,68
2042,61,117975,87
2043,45,112850,84
2044,64,105119,25
2045,32,112691,30
2046,23,58871,82
2047,61,82874,11
2048,37,97733,93
2049,31,49511,17
2050,19,100960,26
2051,26,68821,23
2052,54,85776,56
2053,37,90167,52
2054,43,95135,48
2055,46,64462,20
2056,18,81382,2
2057,52,110194,88
2058,23,52574,31
2059,54,61910,27
2060,22,93531,2
2061,50,45186,78
2062,31,114781,4
2063,29,42813,13
2064,59,98812,100
2065,37,105525,35
2066,41,98282,72
2067,60,38557,66
2068,51,48060,6
2069,42,78866,31
2070,46,92104,10
2071,56,104577,21
2072,48,26080,74
2073,64,33854,23
2074,60,87695,3
2075,40,47025,32
2076,61,72982,20
2077,55,61081,74
2078,37,24368,29
2079,40,119621,52
2080,62,47094,46
2081,33,66040,34
2082,59,86766,84
2083,25,103053,61
2084,38,43991,72
2085,18,21301,71
2086,25,48610,70
2087,46,101463,11
2088,49,54678,82
2089,55,44466,93
2090,22,100440,89
2091,64,60875,63
2092,39,46081,21
2093,64,44354,3
2094,51,113297,82
2095,18,38300,88
2096,43,84384,10
2097,60,115027,27
2098,27,80892,12
2099,47,55525,7
2100,35,46532,17
2101,34,26464,65
2102,43,36562,64
2103,25,75514,26
2104,64,94219,15
2105,57,52634,33
2106,29,20060,62
2107,44,29269,47
2108,25,83143,95
2109,42,43065,35
2110,63,22895,65
2111,21,100859,72
2112,50,32352,76
2113,18,69737,83
2114,36,116426,25
2115,48,52016,57
2116,33,81304,32
2117,31,31962,63
2118,22,53302,12
2119,58,105382,63
2120,43,24011,77
2121,45,39782,92
2122,19,87691,1
2123,23,59725,51
2124,26,29196,70
2125,50,63459,8
2126,58,107245,68
2127,42,98863,5
2128,30,52769,89
2129,26,44700,86
2130,30,100356,92
2131,48,96427,39
2132,58,25269,23
2133,28,63880,68
2134,21,28320,52
2135,51,69589,4
2136,55,96276,47
2137,63,55897,21
2138,21,78565,56
2139,55,50930,66
2140,36,77233,59
2141,23,102821,7
2142,51,34380,49
2143,35,96896,16
2144,30,90934,17
2145,58,75830,84
2146,40,25529,87
2147,36,114598,98
2148,62,102987,75
2149,28,69178,34
2150,18,26937,33
2151,41,59886,26
2152,24,69699,66
2153,42,96396,63
2154,38,110678,87
2155,32,45279,41
2156,18,58106,86
2157,29,99737,58
2158,24,60544,98
2159,32,28997,79
2160,38,105711,10
2161,36,60860,15
2162,46,23225,42
2163,42,79470,93
2164,50,83656,57
2165,49,71880,87
2166,52,81078,17
2167,61,108646,60
2168,55,96290,9
2169,43,76633,36
2170,28,46655,73
2171,52,63601,80
2172,25,23114,36
2173,63,46502,48
2174,31,69768,51
2175,27,68128,97
2176,19,40028,95
2177,63,75565,70
2178,26,103123,74
2179,20,55333,80
2180,38,23174,68
2181,43,55398,22
2182,25,55929,77
2183,19,24321,80
2184,23,115971,93
2185,45,75421,6
2186,46,92635,26
2187,43,43760,75
2188,42,31360,88
2189,29,30313,93
2190,22,105998,3
2191,51,25801,52
2192,54,34130,74
2193,32,34271,60
2194,61,36075,63
2195,53,38984,65
2196,32,108095,52
2197,60,80942,90
2198,40,32861,76
2199,23,118970,14
2200,63,102203,89
2201,61,91376,72
2202,60,81247,68
2203,62,89101,28
2204,38,40977,71
2205,40,70617,10
2206,60,77473,57
2207,33,106654,100
2208,64,108177,66
2209,32,92902,90
2210,42,112172,50
2211,53,35630,14
2212,28,40056,16
2213,32,27382,54
2214,21,75739,43
2215,38,101685,42
2216,30,68639,81
2217,39,79838,22
2218,36,66041,68
2219,51,20992,19
2220,31,92394,66
2221,21,87657,39
2222,63,47160,73
2223,44,65156,19
2224,46,71375,16
2225,64,106442,54
2226,45,39572,25
2227,52,24136,18
2228,25,81868,23
2229,33,102263,85
2230,59,52167,11
2231,53,35479,39
2232,47,51376,68
2233,35,24823,25
2234,19,90456,63
2235,30,39585,96
2236,21,37272,30
2237,43,46619,45
2238,42,95069,90
2239,47,59895,61
2240,28,23720,100
2241,24,39267,51
2242,48,35696,98
2243,61,49968,9
2244,27,73364,76
2245,56,43345,2
2246,30,71567,5
2247,48,111229,62
2248,24,81607,69
2249,59,39385,52
2250,59,103658,86
2251,53,86900,5
2252,37,88244,59
2253,21,85425,68
2254,24,98518,9
2255,18,102844,93
2256,61,52919,22
2257,62,110697,27
2258,59,77196,10
2259,64,99401,80
2260,30,20495,61
2261,39,64755,51
2262,38,87684,10
2263,39,53324,6
2264,45,98929,62
2265,26,21552,5
2266,43,71272,70
2267,26,55853,63
2268,32,52924,56
2269,27,94462,59
2270,41,116387,63
2271,59,43889,89
2272,25,74675,59
2273,41,93591,51
2274,33,90190,50
2275,43,42634,4
2276,44,52363,48
2277,54,83752,32
2278,21,97004,51
2279,41,76398,52
2280,36,118458,99
2281,53,60718,74
2282,56,102916,34
2283,27,46870,36
2284,42,57394,70
2285,35,72057,43
2286,36,99795,16
2287,53,100409,59
2288,27,33016,53
2289,50,62137,19
2290,22,20153,98
2291,64,27853,89
2292,52,32379,95
2293,61,35792,41
2294,51,58367,81
2295,50,38100,47
2296,38,83456,94
2297,34,31049,54
2298,39,20786,55
2299,54,89904,95
2300,32,50699,19
2301,52,67691,62
2302,45,57040,99
2303,24,112990,93
2304,49,77986,59
2305,28,58762,65
2306,27,43600,68
2307,26,114774,28
2308,31,110777,18
2309,30,39810,26
2310,42,105703,19
2311,19,107347,55
2312,52,77204,57
2313,24,40085,6
2314,38,66854,1
2315,35,94797,8
2316,20,104269,97
2317,59,59779,51
2318,56,76207,85
2319,58,114615,88
2320,28,53980,25
2321,56,76117,47
2322,41,34141,55
2323,63,29344,64
2324,36,35896,83
2325,21,109353,93
2326,43,49813,10
2327,55,104431,56
2328,59,85679,12
2329,49,30681,33
2330,56,92903,71
2331,62,23228,17
2332,63,24582,61
2333,53,98683,10
2334,57,31397,31
2335,54,58799,60
2336,50,57011,70
2337,53,99183,17
2338,20,113254,50
2339,26,64264,37
2340,25,62317,82
2341,50,67914,62
2342,23,104633,90
2343,58,65254,80
2344,56,60096,72
2345,21,73785,88
2346,30,72344,77
2347,19,102643,29
2348,22,88546,32
2349,61,91091,88
2350,44,85603,80
2351,49,48412,11
2352,38,71658,96
2353,25,119841,6
2354,55,69549,35
2355,25,31549,33
2356,20,91216,18
2357,61,45739,37
2358,20,41209,13
2359,39,107968,74
2360,23,35116,90
2361,19,40045,81
2362,40,46327,64
2363,61,55709,1
2364,19,63617,63
2365,55,80139,89
2366,34,46905,34
2367,52,84148,10
2368,51,92603,84
2369,40,118095,7
2370,47,62919,56
2371,25,103521,80
2372,39,112905,37
2373,61,103400,29
2374,53,108150,12
2375,22,78446,17
2376,30,72428,48
2377,46,67894,84
2378,48,101149,26
2379,64,26447,83
2380,33,25499,12
2381,59,59041,21
2382,47,51315,42
2383,33,21299,61
2384,29,24994,58
2385,34,115414,54
2386,33,101163,34
2387,29,27489,7
2388,25,111647,35
2389,37,52355,15
2390,20,93805,65
2391,33,88367,90
2392,47,97355,99
2393,62,110349,25
2394,40,107173,59
2395,45,21996,79
2396,57,64387,86
2397,22,23089,6
2398,37,118827,52
2399,57,40659,79
2400,61,65178,88
2401,18,115965,21
2402,47,101268,71
2403,38,105042,93
2404,37,90726,96
2405,23,90111,32
2406,39,54565,53
2407,35,109242,59
2408,25,42884,69
2409,56,37199,62
2410,49,80038,4
2411,50,77786,86
2412,33,69294,18
2413,29,98015,99
2414,55,54178,81
2415,51,32665,56
2416,31,20534,24
2417,53,111828,66
2418,50,56132,13
2419,40,56110,62
2420,62,78754,54
2421,19,83580,15
2422,58,42469,69
2423,38,84016,3
2424,19,66233,37
2425,44,86708,37
2426,26,78232,3
2427,18,113450,63
2428,28,106437,35
2429,20,54409,52
2430,40,39324,87
2431,43,28738,28
2432,21,44054,94
2433,35,49709,18
2434,23,105643,36
2435,52,20363,33
2436,39,30358,64
2437,60,23240,26
2438,32,92201,48
2439,39,65689,40
2440,54,21936,17
2441,59,111074,40
2442,29,63965,7
2443,64,97534,57
2444,59,20882,8
2445,55,40224,56
2446,35,50825,31
2447,62,90740,59
2448,52,48885,58
2449,47,60056,12
2450,41,23203,48
2451,59,80241,31
2452,47,22244,83
2453,31,118322,63
2454,23,88619,74
2455,20,41584,39
2456,33,28521,76
2457,24,70017,20
2458,31,53541,48
2459,26,49063,71
2460,32,90268,54
2461,38,84952,78
2462,52,113054,75
2463,19,59563,71
2464,44,59752,29
2465,19,115233,74
2466,52,22567,93
2467,35,36121,73
2468,31,21674,100
2469,37,96411,48
2470,35,86275,74
2471,27,87081,83
2472,42,49140,56
2473,19,29327,95
2474,42,90663,17
2475,50,43331,9
2476,53,43004,97
2477,48,30492,34
2478,31,74797,45
2479,18,78095,88
2480,63,33749,9
2481,33,83217,7
2482,63,109044,16
2483,20,29045,19
2484,52,40116,6
2485,58,38667,11
2486,23,95057,76
2487,42,94205,61
2488,30,47302,42
2489,51,31283,13
2490,25,50935,12
2491,38,92534,85
2492,51,114342,74
2493,21,51624,20
2494,42,33440,50
2495,32,66501,36
2496,21,107333,92
2497,62,21269,88
2498,29,27868,69
2499,49,50251,37
2500,49,97909,12
2501,45,104523,99
2502,30,58729,40
2503,48,35734,54
2504,31,62429,2
2505,37,61337,50
2506,35,60325,41
2507,46,103600,45
2508,23,82514,9
2509,49,28433,62
2510,46,29111,86
2511,60,83753,47
2512,19,100583,5
2513,40,93620,76
2514,36,41751,1
2515,48,36453,44
2516,22,105844,22
2517,36,58968,38
2518,51,50077,19
2519,27,54775,80
2520,42,78144,31
2521,19,68570,67
2522,28,66097,87
2523,48,44503,42
2524,32,22779,82
2525,26,106840,26
2526,40,20755,13
2527,36,59263,58
2528,26,75087,18
2529,52,62281,67
2530,38,71482,87
2531,26,74857,3
2532,45,37400,55
2533,63,60115,89
2534,24,34249,91
2535,33,66825,58
2536,33,44600,63
2537,50,57706,91
2538,21,39222,52
2539,21,119041,89
2540,56,61139,24
2541,57,61302,72
2542,34,114684,9
2543,54,107838,37
2544,56,88159,94
2545,46,28646,83
2546,53,33543,53
2547,55,114496,80
2548,56,42785,24
2549,54,98353,21
2550,52,51406,100
2551,24,108992,40
2552,44,71428,62
2553,45,43777,70
2554,39,77939,69
2555,31,73026,14
2556,24,106450,42
2557,54,49553,50
2558,39,43548,61
2559,22,83221,4
2560,19,57265,72
2561,44,60701,88
2562,38,71287,75
2563,55,26727,17
2564,32,70717,85
2565,38,52427,57
2566,27,36692,90
2567,40,51625,48
2568,56,44918,44
2569,22,61136,45
2570,18,72409,91
2571,30,35577,80
2572,38,105155,90
2573,43,119246,33
2574,62,101731,31
2575,38,47689,47
2576,35,31154,6
2577,54,114948,72
2578,62,41341,71
2579,49,117554,34
2580,53,94681,53
2581,34,66330,14
2582,52,107759,16
2583,28,88416,43
2584,38,106807,73
2585,43,53313,74
2586,21,66900,81
2587,51,98840,12
2588,35,54695,70
2589,57,50225,19
2590,52,106072,41
2591,58,116367,53
2592,46,69156,29
2593,46,97209,70
2594,55,107453,59
2595,59,47829,89
2596,38,100908,64
2597,59,45938,24
2598,30,79164,89
2599,58,74530,16
2600,34,88199,52
2601,26,80282,80
2602,58,67801,6
2603,18,29465,37
2604,19,23326,85
2605,46,23659,4
2606,50,80289,98
2607,27,47594,92
2608,57,24763,38
2609,38,108657,41
2610,45,30828,92
2611,28,67588,81
2612,51,31221,14
2613,25,31211,71
2614,39,33569,86
2615,25,116894,51
2616,32,57860,65
2617,34,91558,93
2618,40,65337,52
2619,41,72311,95
2620,62,33515,30
2621,36,91695,57
2622,22,107227,79
2623,49,44904,82
2624,61,79935,99
2625,18,63790,30
2626,40,88580,98
2627,54,95148,42
2628,25,25636,11
2629,30,97129,27
2630,25,22892,24
2631,40,41672,99
2632,60,25812,39
2633,18,116621,72
2634,62,20654,18
2635,41,74633,77
2636,52,37143,45
2637,41,75934,88
2638,34,87334,87
2639,22,49087,12
2640,37,31618,49
2641,38,28446,94
2642,57,107182,31
2643,48,68867,92
2644,63,71028,22
2645,53,80101,44
2646,28,47200,92
2647,32,115107,64
2648,36,108074,77
2649,24,81465,25
2650,45,106436,51
2651,60,107892,7
2652,22,108559,6
2653,22,59148,24
2654,47,102928,19
2655,49,40698,83
2656,25,62470,100
2657,27,112071,9
2658,55,71660,36
2659,64,73910,40
2660,49,55450,93
2661,45,76463,24
2662,34,53757,48
2663,48,98012,63
2664,25,90247,69
2665,57,92015,53
2666,42,51390,54
2667,26,76116,42
2668,19,33161,45
2669,32,52152,90
2670,20,100171,14
2671,53,115833,29
2672,21,40836,6
2673,31,110367,7
2674,58,86543,37
2675,58,75648,53
2676,42,46331,18
2677,27,30763,87
2678,38,89444,38
2679,53,113109,59
2680,29,39187,1
2681,44,31957,68
2682,57,24379,44
2683,19,47959,47
2684,30,102018,35
2685,49,47105,87
2686,48,20877,91
2687,33,68353,60
2688,49,103788,90
2689,49,116870,52
2690,51,104585,8
2691,28,103308,80
2692,27,71567,41
2693,32,77913,3
2694,34,22637,96
2695,57,92778,69
2696,35,62025,84
2697,26,119508,14
2698,42,102464,96
2699,57,48742,26
2700,31,31831,70
2701,42,105092,58
2702,39,110879,100
2703,47,108370,40
2704,37,66762,51
2705,38,118958,5
2706,61,108741,77
2707,49,38830,32
2708,63,75044,80
2709,38,93948,1
2710,52,89202,77
2711,49,57045,54
2712,47,106322,11
2713,56,91051,53
2714,29,46627,8
2715,58,35198,25
2716,64,89521,40
2717,35,49475,32
2718,38,39403,88
2719,30,23681,28
2720,38,111555,78
2721,25,113122,3
2722,63,62292,100
2723,57,25629,91
2724,63,113246,84
2725,24,115864,79
2726,40,97814,62
2727,61,28417,27
2728,49,54765,45
2729,28,94499,92
2730,39,76574,25
2731,39,110545,61
2732,60,47675,44
2733,42,92267,97
2734,39,60563,46
2735,45,31332,14
2736,46,39177,8
2737,30,109254,48
2738,35,88447,14
2739,19,77104,65
2740,46,104335,80
2741,38,100730,82
2742,32,24951,7
2743,44,48333,79
2744,48,41673,88
2745,32,60870,49
2746,40,91101,55
2747,41,42821,13
2748,61,45494,73
2749,30,119477,56
2750,39,94160,56
2751,60,20835,15
2752,54,38646,57
2753,50,97360,58
2754,20,57335,35
2755,36,89351,88
2756,40,22429,97
2757,46,61950,16
2758,47,80654,8
2759,56,88143,93
2760,61,111186,87
2761,64,117889,45
2762,42,97527,95
2763,54,106704,40
2764,64,51099,54
2765,25,59385,14
2766,59,55919,59
2767,33,116952,94
2768,25,80782,53
2769,18,91116,27
2770,61,92590,47
2771,22,109626,80
2772,20,60387,6
2773,18,35823,55
2774,21,66015,97
2775,57,35339,44
2776,52,23491,18
2777,49,20706,16
2778,59,117493,12
2779,51,35728,20
2780,60,26997,45
2781,42,80408,64
2782,27,78097,59
2783,38,58523,93
2784,63,45163,94
2785,56,37718,90
2786,44,107508,22
2787,44,103767,97
2788,19,59619,47
2789,58,32126,29
2790,30,109131,86
2791,26,84926,45
2792,53,60633,77
2793,39,97654,9
2794,59,23317,24
2795,43,64980,15
2796,29,64115,36
2797,34,81646,13
2798,31,63158,91
2799,31,75963,44
2800,51,67631,71
2801,37,69316,72
2802,28,79342,78
2803,33,35504,76
2804,48,88593,36
2805,23,46660,61
2806,36,57196,81
2807,54,85938,40
2808,21,28605,93
2809,64,77388,27
2810,21,101297,1
2811,37,75501,34
2812,27,73309,68
2813,41,47043,88
2814,52,53635,21
2815,43,99315,33
2816,54,100691,7
2817,55,53132,65
2818,38,109387,3
2819,57,35366,51
2820,56,113944,79
2821,38,92107,95
2822,27,82580,54
2823,55,77889,80
2824,63,99553,74
2825,21,59236,93
2826,62,24150,59
2827,37,39423,6
2828,34,24137,29
2829,24,49992,17
2830,21,114438,60
2831,46,64921,22
2832,31,99369,24
2833,20,86917,81
2834,41,93690,85
2835,54,54235,51
2836,33,98975,50
2837,21,39122,11
2838,41,43956,56
2839,51,83879,71
2840,47,78560,42
2841,35,102800,39
2842,36,88685,69
2843,48,44660,48
2844,36,106064,57
2845,63,21168,21
2846,36,65124,82
2847,39,55897,99
2848,41,35032,20
2849,62,72797,15
2850,29,55294,69
2851,47,63827,77
2852,55,23516,51
2853,48,39751,76
2854,53,50373,62
2855,36,50270,85
2856,62,30386,37
2857,53,84817,6
2858,47,85184,71
2859,50,99693,26
2860,35,57879,8
2861,45,69597,73
2862,64,59132,91
2863,28,23626,4
2864,62,105936,21
2865,50,101515,31
2866,34,97065,21
2867,23,75390,25
2868,21,36645,15
2869,37,111960,35
2870,64,74144,49
2871,44,33382,43
2872,32,24025,41
2873,23,63226,37
2874,64,99380,57
2875,31,89711,42
2876,28,116055,47
2877,56,94710,92
2878,26,23443,61
2879,43,41395,14
2880,33,30725,68
2881,22,53461,53
2882,27,61115,84
2883,20,116887,34
2884,30,103732,76
2885,60,99790,97
2886,47,99557,24
2887,62,91260,20
2888,23,48690,69
2889,34,21407,30
2890,62,93568,88
2891,36,78560,7
2892,59,67340,36
2893,52,37794,38
2894,63,39881,80
2895,43,106292,52
2896,22,114952,15
2897,46,69703,46
2898,54,64354,23
2899,37,111288,12
2900,38,98462,93
2901,27,119301,44
2902,22,34390,15
2903,53,107475,93
2904,23,47307,49
2905,43,116364,21
2906,21,114049,15
2907,56,44502,14
2908,56,115599,42
2909,52,42486,80
2910,18,58258,15
2911,41,77716,63
2912,53,117228,68
2913,23,101494,27
2914,58,102768,87
2915,63,30748,93
2916,61,82785,53
2917,48,96050,52
2918,37,42738,63
2919,41,94231,73
2920,42,93606,53
2921,53,113301,57
2922,38,61662,52
2923,47,116297,43
2924,41,102234,7
2925,61,35123,42
2926,59,45616,4
2927,47,31182,69
2928,39,110369,5
2929,45,118878,75
2930,24,82013,92
2931,52,51331,80
2932,45,66098,41
2933,31,46128,94
2934,27,51556,4
2935,33,107505,2
2936,33,41876,67
2937,48,28949,21
2938,59,71962,70
2939,42,110054,43
2940,30,91206,82
2941,23,44099,69
2942,61,32716,9
2943,26,72611,84
2944,62,58885,28
2945,53,73144,26
2946,60,85220,82
2947,37,27837,83
2948,35,69355,3
2949,60,67299,73
2950,38,39159,100
2951,21,71012,95
2952,50,79305,49
2953,44,107096,17
2954,24,37106,63
2955,23,78123,55
2956,32,28720,23
2957,35,57661,34
2958,49,113898,69
2959,28,113794,15
2960,37,107318,47
2961,41,41120,3
2962,32,39790,83
2963,24,78655,28
2964,38,79643,3
2965,59,113448,4
2966,43,67374,88
2967,61,62907,31
2968,31,70071,45
2969,54,54812,59
2970,38,69570,45
2971,35,70901,75
2972,22,80186,37
2973,20,70251,65
2974,40,85171,9
2975,43,56160,17
2976,54,39156,65
2977,41,96208,3
2978,36,99980,26
2979,42,92320,53
2980,38,37929,31
2981,29,86606,26
2982,58,108442,23
2983,50,82559,30
2984,21,74205,10
2985,59,88475,72
2986,24,84341,89
2987,39,115377,64
2988,50,62863,22
2989,34,101837,15
2990,41,85439,56
2991,51,27194,74
2992,45,91387,20
2993,60,101914,47
2994,58,86214,87
2995,56,116176,53
2996,39,119292,53
2997,34,49777,1
2998,51,46183,2
2999,23,47445,58
3000,63,87038,19
3001,23,107201,62
3002,51,36198,78
3003,18,41411,72
3004,27,70577,12
3005,38,35867,26
3006,22,82501,27
3007,19,34266,29
3008,39,59422,15
3009,19,55208,46
3010,27,51213,1
3011,51,27367,60
3012,33,99026,92
3013,56,55362,57
3014,39,71588,3
3015,29,58285,18
3016,41,94755,52
3017,64,91846,60
3018,57,56307,34
3019,55,115167,96
3020,27,100280,93
3021,52,39867,89
3022,49,76523,60
3023,24,104161,26
3024,38,26378,72
3025,37,104685,19
3026,43,96958,22
3027,21,47926,93
3028,63,118707,33
3029,39,33180,38
3030,32,112837,35
3031,57,56931,67
3032,38,44014,83
3033,32,116472,10
3034,39,99872,91
3035,45,78502,15
3036,31,107736,11
3037,44,25470,90
3038,58,116395,24
3039,57,34953,77
3040,45,58507,96
3041,43,112969,4
3042,19,111493,13
3043,42,26523,73
3044,20,106923,57
3045,25,77190,98
3046,61,67761,37
3047,50,51169,48
3048,59,65641,71
3049,52,42990,1
3050,23,49661,60
3051,56,33419,12
3052,40,34457,21
3053,42,87600,11
3054,60,96102,44
3055,36,53085,58
3056,22,117064,44
3057,28,70654,78
3058,29,26130,98
3059,27,22042,34
3060,25,90134,25
3061,41,62982,4
3062,45,118422,64
3063,58,85185,90
3064,53,53477,16
3065,54,72709,10
3066,38,48716,66
3067,25,98137,35
3068,26,56018,83
3069,64,28061,6
3070,32,28609,19
3071,63,55371,59
3072,57,103021,53
3073,35,40805,8
3074,59,27857,78
3075,37,31620,10
3076,23,28177,67
3077,29,50111,38
3078,19,108578,29
3079,24,104181,15
3080,33,109941,87
3081,20,31826,23
3082,62,33890,82
3083,20,102428,46
3084,44,78031,83
3085,60,95020,28
3086,57,25495,26
3087,55,48481,10
3088,50,31267,47
3089,45,26743,4
3090,18,74800,55
3091,25,68773,66
3092,54,77042,67
3093,49,69476,7
3094,60,112105,55
3095,54,48552,80
3096,21,85242,31
3097,47,65772,74
3098,23,63730,19
3099,63,48948,28
3100,36,96311,81
3101,49,89093,28
3102,26,89123,19
3103,29,36535,87
3104,28,86490,20
3105,63,66562,13
3106,33,109080,77
3107,18,78535,43
3108,62,118991,11
3109,38,61269,48
3110,47,100674,15
3111,30,62462,17
3112,51,23127,54
3113,21,43147,50
3114,45,65528,28
3115,55,97095,83
3116,48,88931,4
3117,44,110925,22
3118,22,86381,86
3119,42,119468,39
3120,20,83749,34
3121,50,58672,97
3122,21,33731,44
3123,42,74512,42
3124,37,118658,40
3125,51,71024,97
3126,43,23832,12
3127,22,52332,2
3128,52,32467,28
3129,45,61025,74
3130,46,33107,86
3131,26,97994,81
3132,55,114202,90
3133,23,63481,67
3134,36,22581,71
3135,61,95118,72
3136,28,71638,84
3137,19,28418,76
3138,64,113627,99
3139,61,49113,81
3140,61,104363,92
3141,26,83044,10
3142,38,99955,86
3143,41,81030,57
3144,51,31814,97
3145,39,119340,86
3146,20,30024,37
3147,29,83288,77
3148,45,77836,91
3149,47,27435,64
3150,43,87084,79
3151,38,90601,86
3152,45,108416,94
3153,43,23407,40
3154,50,118943,98
3155,38,52940,60
3156,52,25666,98
3157,51,57122,48
3158,58,45092,99
3159,64,95645,19
3160,35,46505,72
3161,28,56713,33
3162,40,74387,44
3163,39,63169,92
3164,34,93282,37
3165,22,97511,89
3166,61,71742,36
3167,28,60522,81
3168,47,101132,88
3169,32,119397,21
3170,44,23880,2
3171,52,63454,31
3172,50,75711,97
3173,37,63539,30
3174,33,88321,76
3175,51,107985,44
3176,19,34799,12
3177,52,80102,51
3178,57,70726,49
3179,45,68784,24
3180,64,63333,24
3181,56,60828,60
3182,23,89526,11
3183,26,74362,13
3184,37,73997,91
3185,18,70341,72
3186,25,39073,74
3187,40,34549,72
3188,20,103795,64
3189,21,76920,20
3190,42,105326,72
3191,64,95515,73
3192,55,40316,71
3193,32,46183,78
3194,38,113860,28
3195,52,44624,2
3196,63,82515,43
3197,31,105781,8
3198,53,66705,13
3199,29,109326,85
3200,34,46756,92
3201,56,80390,35
3202,26,88369,23
3203,52,90821,46
3204,30,29589,15
3205,32,34116,2
3206,35,93181,61
3207,50,64786,76
3208,23,114686,64
3209,44,96425,52
3210,40,50286,36
3211,44,35994,67
3212,51,110198,69
3213,63,46639,67
3214,55,37205,47
3215,31,76677,83
3216,53,52930,2
3217,25,93313,44
3218,52,113851,64
3219,36,112509,81
3220,47,38316,78
3221,31,47304,28
3222,37,116058,91
3223,42,107876,54
3224,57,105366,74
3225,41,33403,67
3226,31,100052,36
3227,43,104627,63
3228,55,93495,25
3229,40,51932,86
3230,39,116090,48
3231,36,56701,39
3232,63,23385,47
3233,20,119226,94
3234,59,77241,21
3235,36,30367,30
3236,26,85030,92
3237,45,66505,31
3238,37,53332,26
3239,62,105178,22
3240,24,96325,21
3241,31,55268,1
3242,26,106486,37
3243,36,45563,77
3244,64,56404,85
3245,31,75182,46
3246,55,52991,9
3247,53,67663,17
3248,57,85886,47
3249,34,103848,85
3250,47,44127,95
3251,26,77692,59
3252,50,114389,54
3253,42,57500,86
3254,31,53785,12
3255,28,104146,64
3256,52,109126,6
3257,58,114979,53
3258,31,67997,16
3259,47,27170,90
3260,58,33303,5
3261,21,91743,73
3262,21,97852,46
3263,45,55187,14
3264,25,85034,44
3265,19,91776,63
3266,58,21893,94
3267,63,33753,52
3268,39,58090,26
3269,58,84922,53
3270,33,96768,29
3271,46,79412,19
3272,47,76030,47
3273,29,37509,8
3274,52,88653,23
3275,28,56929,35
3276,63,68291,95
3277,38,24042,53
3278,38,82574,99
3279,22,57201,96
3280,37,112282,58
3281,54,34016,5
3282,20,45022,16
3283,61,47938,17
3284,50,63678,32
3285,26,81720,96
3286,26,76805,52
3287,21,94323,20
3288,52,21986,66
3289,34,96478,84
3290,51,102994,82
3291,41,32161,1
3292,49,40689,58
3293,18,114699,93
3294,25,80924,93
3295,62,119273,83
3296,40,94308,44
3297,64,83745,6
3298,57,21211,50
3299,29,20229,72
3300,29,68542,88
3301,63,34345,20
3302,64,51819,14
3303,32,67779,5
3304,58,102421,41
3305,36,112244,40
3306,43,85584,34
3307,46,39950,80
3308,39,35173,45
3309,57,78032,71
3310,38,119273,80
3311,55,48036,71
3312,37,91356,27
3313,46,34292,78
3314,21,23052,78
3315,24,64377,44
3316,45,109317,33
3317,45,87838,33
3318,21,87819,44
3319,39,35620,20
3320,29,50461,36
3321,62,40750,7
3322,20,118426,32
3323,39,108719,67
3324,61,29472,39
3325,19,89263,93
3326,41,77602,24
3327,51,45523,86
3328,44,50766,70
3329,58,86060,88
3330,18,29079,87
3331,25,28399,54
3332,40,80726,38
3333,55,112906,74
3334,23,36532,80
3335,39,102357,75
3336,42,63162,32
3337,35,23749,45
3338,34,31353,61
3339,29,48477,70
3340,23,44570,88
3341,43,106373,97
3342,44,31437,53
3343,25,58104,51
3344,36,83370,76
3345,59,24551,56
3346,18,88359,27
3347,46,74880,38
3348,62,32916,62
3349,52,100703,18
3350,57,61445,64
3351,31,67636,77
3352,52,93927,30
3353,62,98194,49
3354,37,49685,41
3355,30,71134,13
3356,55,108916,34
3357,63,114455,100
3358,25,87847,94
3359,60,59993,25
3360,37,64333,66
3361,50,78865,100
3362,43,99096,18
3363,56,69756,5
3364,38,81192,19
3365,59,80686,42
3366,60,68733,18
3367,58,45993,32
3368,26,50492,21
3369,41,40981,10
3370,54,44143,37
3371,58,97603,49
3372,34,109452,86
3373,41,80277,13
3374,38,69990,55
3375,56,82888,17
3376,58,89351,9
3377,56,117372,88
3378,30,69999,44
3379,28,90309,78
3380,63,32446,46
3381,36,50733,8
3382,28,96000,37
3383,30,68632,19
3384,63,41576,63
3385,62,23320,92
3386,18,30750,46
3387,57,73463,94
3388,61,46572,71
3389,36,37948,26
3390,29,58826,46
3391,25,109051,46
3392,25,47867,75
3393,62,80231,14
3394,29,86262,85
3395,50,111356,63
3396,62,92233,72
3397,43,64678,3
3398,56,32963,28
3399,45,84360,29
3400,22,69434,87
3401,25,86617,18
3402,42,40269,35
3403,44,96312,77
3404,63,117352,76
3405,40,99732,47
3406,47,101494,5
3407,62,108905,75
3408,64,97225,59
3409,40,102867,75
3410,64,57528,59
3411,37,98972,47
3412,35,85602,95
3413,35,116261,95
3414,19,110748,13
3415,21,53332,78
3416,47,110937,89
3417,50,98929,33
3418,53,89206,97
3419,35,111137,62
3420,54,22251,79
3421,36,65717,16
3422,64,119108,44
3423,45,47027,58
3424,57,117382,6
3425,37,106551,89
3426,50,29583,15
3427,29,70387,4
3428,32,43104,56
3429,58,32224,64
3430,56,80624,68
3431,19,76058,94
3432,46,116372,34
3433,58,49299,91
3434,27,98572,95
3435,19,105469,56
3436,28,97928,32
3437,30,93474,9
3438,27,24141,63
3439,31,43350,72
3440,35,95082,78
3441,26,90871,33
3442,56,25077,87
3443,45,66015,21
3444,20,91147,55
3445,37,79180,76
3446,23,60857,57
3447,44,79840,2
3448,19,79902,13
3449,46,25577,4
3450,55,40002,84
3451,20,70711,50
3452,33,59451,48
3453,47,119811,78
3454,57,69103,30
3455,19,48647,29
3456,34,54831,8
3457,58,116498,12
3458,29,115119,41
3459,52,86830,26
3460,60,100632,50
3461,18,56833,2
3462,62,112864,55
3463,32,44398,56
3464,43,81554,14
3465,54,70755,6
3466,38,37706,95
3467,48,42340,81
3468,42,84994,89
3469,40,83884,61
3470,41,104361,96
3471,55,37482,12
3472,45,74225,13
3473,38,78849,19
3474,60,94854,44
3475,35,61256,89
3476,53,101110,95
3477,52,34650,59
3478,62,66118,37
3479,26,48930,25
3480,55,105707,16
3481,47,31801,38
3482,61,71360,43
3483,51,107908,87
3484,49,36559,14
3485,20,52334,6
3486,20,33288,89
3487,45,42398,23
3488,61,96230,60
3489,32,32191,12
3490,58,38051,13
3491,40,81715,100
3492,57,30737,98
3493,28,85140,6
3494,49,45251,63
3495,53,70975,38
3496,50,25147,50
3497,41,70508,52
3498,56,72224,40
3499,51,39643,8
3500,45,58967,61
3501,54,118850,8
3502,24,60733,97
3503,21,104003,34
3504,54,54808,79
3505,18,87288,100
3506,18,78959,60
3507,64,21849,57
3508,37,88178,99
3509,36,87136,46
3510,46,80740,22
3511,27,106322,87
3512,35,64565,40
3513,45,40183,45
3514,52,21132,55
3515,60,58259,51
3516,64,116612,86
3517,48,83668,5
3518,44,58563,95
3519,28,112227,13
3520,55,30931,28
3521,22,93169,84
3522,25,70639,97
3523,51,78901,80
3524,29,21044,62
3525,55,66691,93
3526,18,44363,87
3527,48,66694,24
3528,21,21582,98
3529,62,99910,7
3530,22,86844,38
3531,47,41301,37
3532,41,94329,68
3533,20,21620,98
3534,28,82224,42
3535,62,76655,86
3536,21,115419,5
3537,43,57534,64
3538,44,59390,50
3539,63,91629,87
3540,60,75856,15
3541,44,69252,95
3542,59,75809,73
3543,23,42259,53
3544,32,40655,25
3545,47,53005,89
3546,59,51629,85
3547,54,43610,9
3548,54,77184,38
3549,59,41602,22
3550,54,105945,87
3551,52,31110,49
3552,40,26073,68
3553,23,100818,93
3554,21,30195,15
3555,35,21537,65
3556,26,37138,54
3557,46,64328,30
3558,30,66202,93
3559,64,60164,20
3560,34,109743,33
3561,62,74659,100
3562,49,106155,86
3563,39,69692,77
3564,21,44845,7
3565,22,109846,8
3566,54,50562,28
3567,58,48036,45
3568,30,80752,73
3569,51,94233,89
3570,62,103049,80
3571,39,88681,74
3572,40,47818,11
3573,20,50544,31
3574,59,82532,12
3575,51,98636,95
3576,49,77705,78
3577,62,40104,51
3578,38,89603,44
3579,63,79025,96
3580,61,116264,50
3581,38,52317,17
3582,61,51416,35
3583,28,62012,1
3584,56,88045,29
3585,21,41400,51
3586,18,68270,64
3587,45,92069,4
3588,41,69833,87
3589,52,83644,28
3590,30,100206,16
3591,64,89468,63
3592,51,79473,76
3593,28,65809,53
3594,53,58328,85
3595,34,56784,17
3596,52,43723,40
3597,35,80646,13
3598,57,86255,52
3599,39,20074,58
3600,41,46498,96
3601,36,85522,37
3602,54,116881,79
3603,56,40541,76
3604,38,65929,61
3605,25,46028,79
3606,45,49545,34
3607,22,99569,70
3608,34,51673,17
3609,54,50974,20
3610,53,78899,73
3611,36,43097,59
3612,44,113144,69
3613,51,84824,87
3614,28,43525,33
3615,62,77804,78
3616,64,35043,17
3617,29,61846,57
3618,38,97261,83
3619,28,70227,97
3620,56,73028,1
3621,45,57383,13
3622,22,49483,27
3623,34,27265,70
3624,37,42763,59
3625,58,95652,6
3626,63,35733,97
3627,29,111038,94
3628,23,57420,99
3629,34,29247,23
3630,36,43840,10
3631,43,85149,51
3632,61,41058,19
3633,61,54929,51
3634,49,104171,92
3635,23,111164,87
3636,53,51362,68
3637,55,106489,84
3638,28,104664,83
3639,50,67356,42
3640,41,97597,91
3641,40,26041,57
3642,32,98209,98
3643,44,81954,68
3644,28,81869,38
3645,34,41059,62
3646,31,119864,7
3647,44,64722,71
3648,35,37548,50
3649,45,35078,52
3650,64,25419,26
3651,64,55490,26
3652,21,96086,19
3653,24,78760,9
3654,62,50337,61
3655,52,21468,20
3656,26,44309,50
3657,25,86344,80
3658,62,110283,81
3659,34,92255,22
3660,34,101899,13
3661,50,48718,12
3662,49,114337,10
3663,25,57841,65
3664,36,93548,96
3665,55,103565,30
3666,20,66660,8
3667,22,70281,21
3668,30,20767,22
3669,64,23895,18
3670,63,78026,66
3671,48,62968,48
3672,33,60097,44
3673,49,35332,9
3674,39,34621,67
3675,46,96870,54
3676,39,38174,26
3677,60,119189,85
3678,20,60502,94
3679,27,56674,92
3680,59,57260,100
3681,38,62498,26
3682,33,87609,34
3683,29,69464,8
3684,19,91805,10
3685,58,84919,48
3686,41,74469,55
3687,52,37194,54
3688,47,46811,78
3689,47,92377,40
3690,64,63723,15
3691,52,95235,81
3692,36,96298,18
3693,25,79238,96
3694,43,22147,23
3695,57,118919,62
3696,24,119251,46
3697,47,58445,87
3698,24,73803,99
3699,20,81108,39
3700,18,22013,15
3701,53,105617,53
3702,42,102410,88
3703,54,73502,64
3704,18,57755,63
3705,32,28733,92
3706,54,29479,80
3707,30,95361,16
3708,57,41304,70
3709,25,55694,66
3710,22,101171,13
3711,26,106296,47
3712,18,29490,9
3713,53,41252,63
3714,52,26862,34
3715,19,89959,81
3716,57,30450,91
3717,40,76022,29
3718,26,81991,37
3719,51,60927,43
3720,63,108090,86
3721,31,69853,64
3722,21,51826,24
3723,47,62879,71
3724,48,77265,34
3725,55,92361,48
3726,28,97990,12
3727,52,109787,23
3728,25,106184,79
3729,20,60736,97
3730,31,44530,13
3731,30,98052,87
3732,62,67058,96
3733,49,94094,45
3734,51,94255,99
3735,62,24886,65
3736,36,113721,47
3737,55,57387,58
3738,33,41575,5
3739,19,59643,77
3740,57,30100,5
3741,34,80356,60
3742,51,27856,96
3743,59,58169,21
3744,33,48804,24
3745,55,55790,18
3746,19,50988,21
3747,19,96448,54
3748,43,58506,10
3749,30,107904,24
3750,64,87306,85
3751,48,32305,89
3752,51,29969,60
3753,56,32404,57
3754,20,28989,23
3755,25,85305,22
3756,40,55983,68
3757,31,59462,34
3758,44,39360,70
3759,46,105657,28
3760,56,46287,95
3761,56,85472,99
3762,18,81313,39
3763,34,54160,42
3764,58,26789,23
3765,47,47181,70
3766,30,34385,80
3767,38,102597,2
3768,36,85641,24
3769,36,64247,17
3770,42,106673,65
3771,39,25544,70
3772,48,33275,69
3773,34,83248,60
3774,40,54550,50
3775,49,73693,93
3776,27,39641,12
3777,27,91749,47
3778,53,100021,67
3779,25,35605,65
3780,37,70713,27
3781,49,40390,48
3782,31,95403,88
3783,45,78466,62
3784,63,23981,44
3785,41,29493,19
3786,32,91218,59
3787,39,91318,8
3788,47,115335,55
3789,21,36984,47
3790,30,42760,2
3791,40,111529,94
3792,25,21524,94
3793,35,69402,39
3794,29,111656,45
3795,48,85614,32
3796,31,55891,65
3797,51,111009,38
3798,35,59832,77
3799,51,65836,11
3800,28,93953,10
3801,58,33362,59
3802,29,86745,90
3803,32,57921,55
3804,48,90434,20
3805,46,38562,81
3806,43,84510,17
3807,35,96407,68
3808,49,27610,5
3809,39,112918,60
3810,55,35791,23
3811,34,78047,46
3812,40,87906,52
3813,41,39665,10
3814,25,90246,46
3815,58,85864,28
3816,23,66451,97
3817,22,106148,43
3818,61,65890,26
3819,46,26794,55
3820,45,52888,48
3821,28,26749,29
3822,18,66531,27
3823,60,40608,18
3824,36,100986,60
3825,26,89211,74
3826,44,103996,69
3827,51,76017,74
3828,61,77676,21
3829,21,31560,24
3830,53,74401,3
3831,35,70468,95
3832,32,52463,62
3833,30,51663,2
3834,36,88706,66
3835,23,78773,42
3836,29,53123,34
3837,54,114346,42
3838,34,29718,20
3839,40,82637,97
3840,43,20028,68
3841,46,82370,45
3842,50,67599,75
3843,44,37397,42
3844,42,65406,47
3845,27,67657,5
3846,64,87560,89
3847,40,33503,49
3848,38,74943,37
3849,38,95839,34
3850,60,102674,73
3851,30,45345,70
3852,54,70390,18
3853,50,115041,78
3854,41,79557,19
3855,61,85054,78
3856,28,21906,40
3857,34,60167,17
3858,21,27961,60
3859,64,46140,99
3860,42,78701,93
3861,47,97567,42
3862,26,100664,81
3863,38,101199,72
3864,37,119764,65
3865,36,101218,53
3866,36,100729,100
3867,29,48561,7
3868,54,70568,5
3869,59,93302,24
3870,34,115380,28
3871,54,114968,62
3872,56,49504,17
3873,45,57146,20
3874,58,60297,3
3875,52,106394,37
3876,64,88607,90
3877,35,36939,15
3878,31,110467,51
3879,52,70715,48
3880,61,64460,8
3881,58,86576,13
3882,24,88222,48
3883,58,32666,3
3884,30,82119,65
3885,35,55321,73
3886,54,21779,31
3887,30,33186,26
3888,53,36459,81
3889,48,106246,56
3890,19,107755,34
3891,33,25057,9
3892,26,80663,62
3893,26,38733,13
3894,55,39157,69
3895,28,55030,41
3896,39,39613,77
3897,50,103028,1
3898,53,106282,89
3899,62,25188,47
3900,40,49680,4
3901,62,80119,100
3902,62,94400,63
3903,51,75718,52
3904,26,56445,10
3905,41,25796,28
3906,25,67218,6
3907,24,59131,27
3908,53,28123,12
3909,35,28222,62
3910,20,44074,52
3911,45,49825,48
3912,23,56839,67
3913,61,88322,46
3914,61,76321,97
3915,38,119174,74
3916,45,45988,95
3917,57,55507,15
3918,18,119244,71
3919,53,118644,36
3920,38,115251,14
3921,60,43806,78
3922,52,56901,3
3923,30,37043,67
3924,27,95761,86
3925,61,29752,19
3926,64,88993,99
3927,27,62616,76
3928,63,72127,54
3929,30,94777,69
3930,54,20453,10
3931,55,95432,33
3932,41,107362,13
3933,19,30976,99
3934,39,119122,51
3935,34,90404,32
3936,53,101932,75
3937,31,117170,24
3938,27,97707,35
3939,52,109647,83
3940,42,53688,70
3941,20,106840,40
3942,64,113789,54
3943,55,116516,44
3944,34,22017,62
3945,29,27957,99
3946,41,24792,68
3947,46,75982,33
3948,60,33237,77
3949,42,71586,56
3950,53,101787,36
3951,43,39252,54
3952,55,30707,19
3953,18,54206,43
3954,37,114276,12
3955,45,23543,11
3956,33,64135,70
3957,64,55031,12
3958,34,62929,91
3959,57,85747,41
3960,45,77851,25
3961,29,75311,3
3962,44,85867,3
3963,59,108780,84
3964,64,77196,28
3965,47,93705,23
3966,58,77894,48
3967,51,107640,67
3968,54,34591,42
3969,23,117247,88
3970,24,68893,40
3971,49,20727,6
3972,49,41359,20
3973,42,63822,11
3974,50,108534,96
3975,24,30929,27
3976,29,80091,21
3977,33,100378,13
3978,33,43519,86
3979,60,37393,35
3980,53,54318,47
3981,30,94531,86
3982,24,114192,28
3983,53,67934,21
3984,64,101103,18
3985,26,48840,31
3986,49,109367,60
3987,28,33265,37
3988,25,25424,21
3989,50,40625,14
3990,40,99622,89
3991,42,49187,91
3992,25,55929,60
3993,62,81892,23
3994,39,40539,95
3995,21,76630,29
3996,57,110639,47
3997,20,113410,30
3998,46,29215,90
3999,58,59385,84
4000,46,107580,38
4001,51,97462,83
4002,51,117037,27
4003,45,115310,89
4004,30,45008,87
4005,32,68928,93
4006,40,103096,15
4007,61,109876,59
4008,43,44976,3
4009,21,47626,10
4010,43,118256,79
4011,57,79789,80
4012,26,24700,17
4013,22,83645,83
4014,49,93396,11
4015,37,27526,48
4016,28,59500,5
4017,32,88049,69
4018,49,93366,64
4019,45,100317,14
4020,39,79117,50
4021,58,76096,26
4022,34,27910,72
4023,43,101383,69
4024,61,91185,7
4025,24,70248,16
4026,59,94656,55
4027,43,21951,78
4028,42,85212,56
4029,27,95701,4
4030,62,99888,100
4031,36,95282,48
4032,28,114533,17
4033,30,61954,36
4034,25,109719,70
4035,57,28804,80
4036,21,112705,93
4037,64,20595,100
4038,48,49592,38
4039,45,60643,62
4040,28,82665,48
4041,60,40823,10
4042,18,25972,36
4043,64,35882,29
4044,55,86394,78
4045,41,91055,4
4046,64,43769,44
4047,48,45020,56
4048,58,62748,42
4049,63,105374,100
4050,43,64912,13
4051,22,32879,46
4052,37,53798,82
4053,58,109826,33
4054,28,66073,21
4055,50,95791,80
4056,55,86983,79
4057,44,63005,57
4058,51,114731,69
4059,32,22850,70
4060,49,48400,67
4061,38,31953,48
4062,63,43535,76
4063,22,95536,100
4064,23,95039,33
4065,55,101029,36
4066,39,24055,33
4067,35,58170,31
4068,31,117944,21
4069,27,119976,27
4070,63,48251,91
4071,30,24532,72
4072,48,24924,62
4073,47,68037,96
4074,20,98082,26
4075,47,112115,66
4076,23,91621,12
4077,46,97926,22
4078,25,98816,17
4079,61,109654,7
4080,62,90400,68
4081,60,119525,37
4082,61,112385,38
4083,50,113102,96
4084,34,30702,11
4085,28,35385,1
4086,30,29336,25
4087,28,85421,42
4088,48,51225,52
4089,45,56021,24
4090,61,23782,53
4091,23,108877,56
4092,58,109630,63
4093,33,69111,81
4094,21,109402,8
4095,52,104585,59
4096,43,62719,45
4097,29,116528,27
4098,28,69037,52
4099,54,100103,18
4100,42,23513,91
4101,35,33335,86
4102,36,64140,16
4103,40,100373,66
4104,55,97658,5
4105,35,54840,82
4106,43,51007,3
4107,23,76947,91
4108,21,113220,81
4109,61,46393,80
4110,46,77480,70
4111,51,108290,7
4112,34,106335,50
4113,60,29107,14
4114,60,25993,38
4115,33,116341,79
4116,19,113650,47
4117,51,72066,33
4118,25,62942,43
4119,30,36138,91
4120,59,64527,29
4121,25,29190,57
4122,47,112259,5
4123,49,98422,93
4124,53,75698,96
4125,64,102315,60
4126,47,113710,70
4127,18,49086,2
4128,60,37322,70
4129,56,103569,43
4130,34,105610,4
4131,37,23435,56
4132,41,73331,93
4133,39,48942,59
4134,46,79635,89
4135,39,49059,9
4136,61,77557,3
4137,26,72389,90
4138,54,73014,48
4139,27,52826,43
4140,53,50297,91
4141,54,63890,100
4142,45,41322,96
4143,45,55739,1
4144,59,29719,57
4145,60,99553,53
4146,38,28314,16
4147,41,113831,51
4148,59,95164,75
4149,57,97028,90
4150,19,56113,55
4151,25,35357,1
4152,44,118865,90
4153,39,40365,28
4154,54,59029,53
4155,44,21737,58
4156,46,94632,73
4157,20,105474,60
4158,61,98218,59
4159,30,47499,22
4160,62,66157,8
4161,27,76247,49
4162,53,61034,42
4163,26,20294,27
4164,44,118072,39
4165,51,44596,83
4166,18,118185,25
4167,49,31434,38
4168,42,78382,85
4169,46,58098,24
4170,24,24655,24
4171,20,103029,60
4172,37,66228,83
4173,37,23771,50
4174,47,94099,66
4175,52,76799,14
4176,52,82257,53
4177,56,37558,32
4178,44,119468,96
4179,43,78436,92
4180,31,112103,48
4181,34,52376,39
4182,35,107458,40
4183,62,97924,42
4184,46,49332,77
4185,37,66737,76
4186,44,109031,8
4187,35,93970,79
4188,21,71952,26
4189,18,40991,12
4190,18,47472,43
4191,43,79946,51
4192,62,46849,91
4193,37,21541,82
4194,40,22765,100
4195,27,63074,63
4196,28,49283,49
4197,58,20769,27
4198,58,37806,9
4199,22,110518,39
4200,18,22972,65
4201,34,38256,71
4202,39,38653,90
4203,51,106669,71
4204,62,59339,7
4205,58,45757,72
4206,46,62399,80
4207,21,64013,67
4208,22,117605,10
4209,28,34706,71
4210,38,58231,85
4211,52,47909,53
4212,29,96631,95
4213,43,77572,87
4214,36,105879,57
4215,62,83767,91
4216,24,46469,86
4217,64,21313,27
4218,24,27847,54
4219,43,70222,4
4220,57,94702,88
4221,22,29930,23
4222,38,23285,48
4223,31,55863,83
4224,21,36704,42
4225,40,38705,3
4226,59,20555,91
4227,37,41323,3
4228,32,90968,28
4229,62,86922,63
4230,46,73915,81
4231,25,30619,31
4232,58,92390,10
4233,36,79274,49
4234,56,93173,86
4235,63,41225,94
4236,45,46739,21
4237,63,67708,100
4238,44,73019,53
4239,21,96154,87
4240,32,27373,76
4241,52,55281,89
4242,54,40187,54
4243,18,87863,57
4244,20,117927,20
4245,64,104085,49
4246,41,59220,7
4247,44,27642,29
4248,57,99971,48
4249,53,75556,93
4250,51,53760,13
4251,46,58192,3
4252,41,24381,2
4253,41,116583,16
4254,59,39558,94
4255,21,50782,6
4256,20,24782,45
4257,51,111417,71
4258,40,74712,5
4259,40,114945,56
4260,62,39462,71
4261,22,80030,98
4262,48,88519,32
4263,58,76411,49
4264,23,75206,13
4265,54,117469,30
4266,27,66950,25
4267,57,22523,85
4268,24,80926,60
4269,56,29677,59
4270,55,95828,85
4271,38,35089,28
4272,37,24581,58
4273,20,31907,20
4274,39,25609,34
4275,64,71153,5
4276,21,70539,82
4277,45,64143,60
4278,29,42936,43
4279,55,70182,57
4280,53,119524,57
4281,64,115042,75
4282,58,33163,54
4283,22,79758,81
4284,30,66057,45
4285,40,32537,86
4286,47,42419,37
4287,54,62578,84
4288,42,94991,48
4289,44,94599,54
4290,31,20834,48
4291,64,52214,6
4292,53,112934,34
4293,56,22413,63
4294,33,29505,78
4295,39,22105,48
4296,38,88104,23
4297,38,78408,84
4298,25,57679,13
4299,33,119096,47
4300,48,99731,44
4301,59,85131,32
4302,27,84280,26
4303,49,35762,53
4304,51,78703,14
4305,26,101434,52
4306,34,83079,36
4307,28,41577,8
4308,49,21214,40
4309,27,106339,86
4310,39,68114,22
4311,34,109234,16
4312,21,83230,91
4313,64,52980,60
4314,42,87194,60
4315,38,97806,10
4316,54,57792,25
4317,55,65807,31
4318,18,42301,21
4319,42,25141,91
4320,53,33777,81
4321,34,58346,33
4322,58,74703,31
4323,41,114977,90
4324,19,67819,21
4325,57,48469,36
4326,32,23845,65
4327,49,43290,4
4328,56,50699,68
4329,23,64252,90
4330,18,118682,4
4331,64,23293,9
4332,40,77089,30
4333,56,36608,45
4334,34,86273,4
4335,51,36619,69
4336,58,98006,23
4337,46,107908,16
4338,26,101653,22
4339,30,34779,72
4340,23,71040,48
4341,23,114830,62
4342,37,76325,97
4343,20,41630,60
4344,34,32178,80
4345,29,39935,5
4346,64,67258,80
4347,62,42784,7
4348,18,83722,51
4349,34,43027,65
4350,20,116544,9
4351,43,77853,82
4352,32,87359,45
4353,53,92388,47
4354,49,98608,67
4355,49,96669,24
4356,21,35111,92
4357,35,52312,10
4358,36,44161,73
4359,60,87313,77
4360,52,70374,48
4361,57,44014,35
4362,31,100308,54
4363,50,66389,87
4364,31,38161,81
4365,51,27490,71
4366,21,44502,16
4367,41,55757,53
4368,46,61111,40
4369,36,118273,100
4370,23,103245,20
4371,50,78645,88
4372,57,79055,69
4373,36,28998,45
4374,18,48906,6
4375,22,90192,92
4376,44,70477,69
4377,33,56901,49
4378,23,111271,39
4379,57,72021,2
4380,30,49092,39
4381,52,21242,21
4382,36,21831,40
4383,29,70721,82
4384,33,48511,54
4385,60,92782,12
4386,27,117003,81
4387,42,38302,37
4388,37,75568,38
4389,48,23232,15
4390,21,71507,7
4391,61,96508,78
4392,40,30683,50
4393,19,43664,65
4394,39,53172,67
4395,54,103641,44
4396,25,84340,31
4397,24,107236,43
4398,31,31017,77
4399,20,56613,48
4400,33,106130,82
4401,36,96920,81
4402,35,50348,81
4403,33,36448,61
4404,25,29491,75
4405,50,98648,84
4406,29,116557,10
4407,28,78759,29
4408,22,64553,48
4409,44,20968,98
4410,29,20368,81
4411,34,93960,62
4412,23,55010,13
4413,50,74154,44
4414,22,55851,47
4415,45,45496,64
4416,31,50936,91
4417,22,98858,53
4418,50,87005,90
4419,58,57493,92
4420,36,89795,77
4421,39,56390,76
4422,22,30292,44
4423,19,112377,28
4424,47,48365,2
4425,64,37207,57
4426,56,42912,57
4427,21,100771,34
4428,50,76572,87
4429,30,119083,58
4430,37,39276,52
4431,24,117459,29
4432,32,25534,35
4433,40,112005,75
4434,31,55670,48
4435,40,82147,33
4436,36,118099,75
4437,46,56486,73
4438,37,85557,78
4439,46,54268,9
4440,41,101335,48
4441,35,46336,67
4442,27,23641,93
4443,58,107132,83
4444,25,52959,36
4445,43,33306,96
4446,46,66182,71
4447,27,94123,92
4448,34,76326,44
4449,19,116895,82
4450,23,41498,60
4451,22,90198,63
4452,45,47197,5
4453,58,40719,87
4454,22,110201,86
4455,35,45032,90
4456,43,79624,76
4457,37,98177,40
4458,58,61964,19
4459,44,50028,47
4460,29,74646,65
4461,24,101187,67
4462,20,28536,91
4463,27,76747,18
4464,51,65712,50
4465,42,26273,30
4466,52,91820,66
4467,33,111228,5
4468,19,94353,93
4469,41,114491,97
4470,27,112091,42
4471,55,105914,84
4472,39,70830,94
4473,43,37127,5
4474,60,103488,50
4475,56,31539,85
4476,44,66761,58
4477,46,66219,79
4478,64,34692,84
4479,55,103656,8
4480,37,33334,31
4481,44,48615,12
4482,58,27903,21
4483,37,48527,94
4484,61,35629,62
4485,36,78008,91
4486,37,103276,90
4487,52,119318,33
4488,64,46708,26
4489,19,30860,90
4490,47,37438,100
4491,51,87300,40
4492,39,91545,65
4493,20,40842,59
4494,23,80213,15
4495,32,62372,1
4496,44,118971,11
4497,27,88906,55
4498,26,58744,2
4499,50,77442,65
4500,49,105990,95
4501,23,23650,44
4502,58,65117,16
4503,53,111244,22
4504,19,72772,18
4505,46,23190,47
4506,21,68113,81
4507,18,28789,30
4508,36,52125,10
4509,43,118695,99
4510,42,37459,58
4511,27,55418,62
4512,32,67085,85
4513,39,38768,80
4514,38,69961,6
4515,39,101099,67
4516,53,47885,41
4517,51,107421,43
4518,47,81082,85
4519,42,26895,77
4520,62,70311,18
4521,45,109494,58
4522,18,87067,60
4523,62,91017,88
4524,21,43932,27
4525,24,41360,68
4526,26,74847,22
4527,53,110365,24
4528,36,105468,40
4529,18,58931,74
4530,27,75823,66
4531,53,58032,40
4532,26,101426,6
4533,62,38807,18
4534,63,31767,81
4535,59,28071,87
4536,49,73413,30
4537,49,46149,21
4538,23,35540,62
4539,55,90248,10
4540,34,111737,13
4541,27,105435,76
4542,44,39787,9
4543,52,40982,68
4544,38,42606,39
4545,42,30150,24
4546,45,105929,34
4547,64,66936,61
4548,32,113286,41
4549,21,28593,5
4550,46,37358,79
4551,26,102143,50
4552,44,57381,4
4553,43,110347,51
4554,36,48074,52
4555,45,40595,39
4556,34,64194,8
4557,60,69377,45
4558,58,46853,88
4559,59,93719,28
4560,37,40661,27
4561,62,70493,65
4562,57,56495,34
4563,56,33703,81
4564,40,73080,62
4565,64,50815,62
4566,49,49565,38
4567,64,83321,26
4568,50,78453,24
4569,63,108478,39
4570,22,53161,21
4571,60,75991,94
4572,51,29716,47
4573,57,53349,48
4574,28,67098,13
4575,20,20132,3
4576,50,71990,32
4577,28,88921,35
4578,33,56538,19
4579,35,119279,14
4580,47,27213,48
4581,27,64223,86
4582,35,111655,81
4583,55,88371,68
4584,36,88274,45
4585,53,24134,19
4586,30,111428,64
4587,63,59601,66
4588,20,93889,79
4589,27,35690,66
4590,55,21909,75
4591,18,111239,45
4592,44,100032,87
4593,63,32062,74
4594,25,95386,67
4595,63,113237,69
4596,59,54731,3
4597,34,25153,38
4598,26,30481,77
4599,23,119270,42
4600,60,86425,83
4601,42,83600,40
4602,56,104981,50
4603,45,91997,35
4604,50,48205,24
4605,54,108887,88
4606,26,101542,17
4607,35,64149,40
4608,38,69112,74
4609,19,30940,66
4610,60,79010,44
4611,55,96794,23
4612,57,44485,6
4613,53,109299,66
4614,60,21067,21
4615,54,40607,35
4616,32,81597,29
4617,45,94554,7
4618,35,68521,93
4619,51,35187,53
4620,39,23985,37
4621,28,63052,23
4622,30,39563,97
4623,21,67322,8
4624,39,81245,76
4625,24,71514,48
4626,60,38608,10
4627,41,87262,79
4628,21,112118,24
4629,45,91327,90
4630,32,77225,47
4631,18,93994,53
4632,20,37221,39
4633,31,68506,67
4634,55,40968,66
4635,18,102606,6
4636,55,47937,21
4637,55,82435,73
4638,38,69508,74
4639,46,61831,36
4640,22,62933,3
4641,27,67307,88
4642,45,68340,86
4643,38,106338,78
4644,24,63601,42
4645,20,95956,45
4646,62,92178,44
4647,64,105311,91
4648,37,48754,33
4649,36,63310,60
4650,52,89893,86
4651,21,106799,93
4652,22,68367,83
4653,18,33201,83
4654,21,22739,70
4655,29,33231,83
4656,44,62495,77
4657,59,41168,26
4658,40,52624,86
4659,42,30635,21
4660,38,29964,100
4661,41,47785,2
4662,42,115046,47
4663,62,102797,30
4664,63,104790,27
4665,49,96928,71
4666,49,32336,20
4667,22,97475,50
4668,53,47412,95
4669,63,102212,23
4670,59,95379,13
4671,59,65591,81
4672,56,81750,4
4673,33,110648,14
4674,50,116134,20
4675,38,55454,13
4676,26,118537,3
4677,23,82672,90
4678,62,47228,90
4679,52,34429,82
4680,56,104294,96
4681,39,87808,78
4682,58,102886,47
4683,22,73015,3
4684,59,108074,1
4685,40,88936,90
4686,34,100907,24
4687,29,77378,35
4688,40,57310,14
4689,33,103683,67
4690,20,88827,13
4691,47,55256,47
4692,39,96428,50
4693,26,119862,78
4694,46,58889,85
4695,64,71428,26
4696,54,57207,3
4697,40,70255,51
4698,30,111531,40
4699,49,25409,68
4700,63,62438,36
4701,64,115359,51
4702,40,27869,1
4703,62,76862,33
4704,34,107937,7
4705,57,45958,52
4706,38,96302,11
4707,19,39768,27
4708,54,116330,14
4709,23,46145,86
4710,61,95622,80
4711,35,46442,46
4712,47,101948,76
4713,39,45596,10
4714,50,95791,24
4715,47,62406,61
4716,34,60524,18
4717,60,43332,86
4718,49,35764,9
4719,59,47563,17
4720,31,107675,58
4721,27,56370,13
4722,64,25062,50
4723,53,64645,6
4724,51,27244,85
4725,26,26372,51
4726,59,105501,36
4727,45,84471,71
4728,28,36956,100
4729,31,60473,25
4730,56,33894,11
4731,64,118918,44
4732,36,89586,14
4733,32,36709,29
4734,45,101258,74
4735,41,35210,50
4736,25,69510,5
4737,60,58674,72
4738,26,37733,69
4739,64,40080,88
4740,50,73412,57
4741,50,78971,26
4742,36,59709,6
4743,20,79846,16
4744,27,85480,60
4745,57,72960,100
4746,64,61152,12
4747,59,47250,75
4748,18,105765,3
4749,46,68137,63
4750,51,102011,64
4751,30,66412,62
4752,18,63876,6
4753,51,114547,19
4754,46,93664,18
4755,64,70227,80
4756,30,52450,87
4757,46,104433,43
4758,56,93704,73
4759,41,26861,3
4760,43,81914,72
4761,34,83888,38
4762,24,99286,68
4763,30,81293,76
4764,22,102524,44
4765,43,88515,95
4766,20,43524,89
4767,24,27065,80
4768,56,57684,63
4769,18,108720,42
4770,34,53365,64
4771,60,78876,54
4772,42,43704,78
4773,20,77857,77
4774,32,25622,71
4775,46,103797,76
4776,60,113955,37
4777,49,111141,4
4778,43,114707,2
4779,33,107700,99
4780,42,99332,44
4781,45,116856,67
4782,26,86201,68
4783,18,52694,76
4784,46,109766,83
4785,39,42995,74
4786,33,112320,62
4787,58,100141,1
4788,61,102999,17
4789,58,28419,16
4790,24,67952,9
4791,31,53837,53
4792,46,90799,73
4793,36,68877,59
4794,36,65687,9
4795,19,119667,12
4796,58,57276,41
4797,62,54523,15
4798,32,86055,66
4799,20,74615,75
4800,28,116642,11
4801,63,30514,8
4802,47,67456,55
4803,57,27233,96
4804,35,21102,6
4805,19,86133,53
4806,49,66715,20
4807,25,105193,39
4808,39,26256,99
4809,23,84800,72
4810,29,114937,34
4811,64,61548,57
4812,57,92090,19
4813,53,98200,71
4814,32,62367,31
4815,45,109922,82
4816,62,90382,40
4817,35,46205,14
4818,19,45570,100
4819,30,50255,81
4820,62,41182,37
4821,32,59373,44
4822,37,63019,9
4823,46,82619,58
4824,59,36043,20
4825,46,65532,92
4826,20,85936,50
4827,36,39239,20
4828,20,30416,36
4829,31,23412,27
4830,57,101976,72
4831,21,44406,32
4832,28,21875,1
4833,48,57066,17
4834,60,25752,9
4835,49,106753,84
4836,44,98025,45
4837,47,21353,96
4838,60,46986,66
4839,19,106907,32
4840,26,34691,45
4841,45,89847,9
4842,48,68075,30
4843,51,30794,84
4844,32,88470,38
4845,42,36406,60
4846,53,95930,1
4847,25,46872,5
4848,26,61708,63
4849,54,40800,99
4850,62,63397,36
4851,56,57909,65
4852,49,41352,78
4853,34,113848,73
4854,52,35438,94
4855,54,108921,24
4856,36,64999,4
4857,61,38482,78
4858,46,52471,89
4859,24,67279,68
4860,45,74213,25
4861,26,33026,74
4862,45,105184,99
4863,23,25435,7
4864,46,28493,13
4865,34,92227,68
4866,33,79321,43
4867,40,22763,57
4868,48,40389,36
4869,20,51498,14
4870,38,83755,82
4871,43,55825,72
4872,53,36934,96
4873,59,25574,27
4874,54,58179,37
4875,39,21587,87
4876,59,62782,71
4877,29,74412,76
4878,59,80561,25
4879,30,97224,67
4880,28,24409,90
4881,33,91319,4
4882,25,119016,100
4883,57,46751,79
4884,57,58174,96
4885,62,76572,93
4886,19,81416,74
4887,47,32041,85
4888,47,43227,16
4889,29,55201,19
4890,27,56069,29
4891,61,102190,51
4892,28,46370,18
4893,32,115018,58
4894,33,31586,44
4895,34,70231,16
4896,43,25322,65
4897,19,85294,2
4898,29,99468,56
4899,43,49299,79
4900,40,110715,28
4901,35,90793,65
4902,49,66501,5
4903,55,77134,22
4904,64,29777,100
4905,20,31249,13
4906,55,41390,65
4907,20,40369,16
4908,47,32881,86
4909,18,29587,64
4910,47,113800,32
4911,62,94327,80
4912,49,107911,51
4913,45,108147,79
4914,38,27833,58
4915,63,67013,46
4916,30,83620,52
4917,44,35754,63
4918,53,98113,76
4919,24,116631,60
4920,39,106784,65
4921,27,55282,81
4922,56,56737,55
4923,32,117427,57
4924,32,44124,92
4925,21,90102,71
4926,49,22196,73
4927,40,81527,86
4928,23,116651,26
4929,41,105395,12
4930,37,31345,71
4931,54,54077,46
4932,37,86400,47
4933,29,32055,79
4934,50,105283,38
4935,45,64484,21
4936,25,97514,14
4937,18,110135,2
4938,54,55771,72
4939,39,77654,70
4940,23,66540,33
4941,38,103151,6
4942,49,49377,90
4943,52,115567,37
4944,32,69573,14
4945,22,62733,37
4946,63,31760,8
4947,23,119250,77
4948,42,45762,13
4949,63,70986,40
4950,57,54332,92
4951,46,60100,58
4952,24,24944,18
4953,57,68825,57
4954,30,33877,83
4955,55,49990,38
4956,35,119612,32
4957,19,75283,86
4958,25,23258,66
4959,28,51629,77
4960,50,57579,87
4961,55,42958,25
4962,44,59465,92
4963,37,105853,58
4964,29,35775,75
4965,60,96575,33
4966,48,114633,88
4967,44,54207,66
4968,49,42553,30
4969,27,73632,81
4970,20,20055,34
4971,62,108697,86
4972,44,52873,69
4973,52,100720,48
4974,48,86205,40
4975,32,98199,51
4976,33,45318,80
4977,30,53734,13
4978,52,102227,90
4979,28,38522,31
4980,38,31656,39
4981,28,35893,63
4982,47,36493,48
4983,52,23632,87
4984,39,115872,48
4985,55,108648,61
4986,48,81779,12
4987,31,58452,78
4988,41,33266,56
4989,49,81607,18
4990,53,36940,27
4991,49,44003,28
4992,32,118408,82
4993,60,54815,80
4994,52,50869,52
4995,20,69297,16
4996,33,80107,77
4997,22,102793,58
4998,38,36682,93
4999,27,39622,9
5000,36,50408,26
